<?xml version="1.0" encoding="utf-8"?>
<Level>
  <LevelInfo>
    <BPM>180</BPM>
    <BeatPerBar>4</BeatPerBar>
    <BeatLen>16</BeatLen>
    <EnterTimeAdjust>1550</EnterTimeAdjust>
    <NotePreShow>1</NotePreShow>
    <LevelTime>166666</LevelTime>
    <BarAmount>108</BarAmount>
    <BeginBarLen>4</BeginBarLen>
    <IsFourTrack>False</IsFourTrack>
    <TrackCount>5</TrackCount>
    <LevelPreTime>4000</LevelPreTime>
  </LevelInfo>
  <MusicInfo>
    <Title>无敌</Title>
    <Artist>张恒远</Artist>
    <FilePath>audio/bgm/102010</FilePath>
  </MusicInfo>
  <SectionSeq>
    <Section type="previous" endbar="0" mark="" param1="wutai_scene_pre_script_2" />
    <Section type="begin" startbar="1" endbar="4" mark="" param1="wutai_scene_begin_script_2" />
    <Section type="note" startbar="5" endbar="64" mark="" param1="" />
    <Section type="showtime" startbar="65" endbar="68" mark="dance" param1="" />
    <Section type="note" startbar="71" endbar="104" mark="" param1="" />
    <Section type="showtime" startbar="105" endbar="108" mark="pose_xuanku" param1="" />
  </SectionSeq>
  <IndicatorResetPos PosNum="64" />
  <NoteInfo>
    <Normal>
      <Note ID="1" note_type="PinballSingle" Bar="5" Pos="0" Son="" EndArea="1|2" MoveTime="3" />
      <Note ID="2" note_type="PinballSlip" Bar="5" Pos="16" Son="11" EndArea="3|4" MoveTime="3" />
      <Note ID="3" note_type="PinballSingle" Bar="5" Pos="32" Son="" EndArea="1|2" MoveTime="3" />
      <Note ID="4" note_type="PinballSingle" Bar="5" Pos="40" Son="" EndArea="3|4" MoveTime="3" />
      <Note ID="5" note_type="PinballSlip" Bar="5" Pos="48" Son="13" EndArea="1|2" MoveTime="3" />
      <Note ID="6" note_type="PinballSingle" Bar="6" Pos="0" Son="" EndArea="3|4" MoveTime="3" />
      <Note ID="7" note_type="PinballSlip" Bar="6" Pos="16" Son="14" EndArea="1|2" MoveTime="3" />
      <Note ID="8" note_type="PinballSingle" Bar="6" Pos="32" Son="" EndArea="3|4" MoveTime="3" />
      <Note ID="9" note_type="PinballSingle" Bar="6" Pos="40" Son="" EndArea="1|2" MoveTime="3" />
      <Note ID="10" note_type="PinballSlip" Bar="6" Pos="48" Son="18" EndArea="3|4" MoveTime="3" />
      <Note ID="11" note_type="PinballSlip" Bar="7" Pos="0" Son="" EndArea="1|2" MoveTime="3" />
      <Note ID="12" note_type="PinballSlip" Bar="7" Pos="16" Son="19" EndArea="3|4" MoveTime="3" />
      <Note ID="13" note_type="PinballSlip" Bar="7" Pos="32" Son="" EndArea="1|2" MoveTime="3" />
      <Note ID="14" note_type="PinballSlip" Bar="7" Pos="40" Son="" EndArea="3|4" MoveTime="3" />
      <Note ID="15" note_type="PinballSingle" Bar="7" Pos="48" Son="" EndArea="1|2" MoveTime="3" />
      <Note ID="16" note_type="PinballSingle" Bar="8" Pos="0" Son="" EndArea="3|4" MoveTime="3" />
      <Note ID="17" note_type="PinballSlip" Bar="8" Pos="16" Son="26" EndArea="1|2" MoveTime="3" />
      <Note ID="18" note_type="PinballSlip" Bar="8" Pos="24" Son="" EndArea="3|4" MoveTime="3" />
      <Note ID="19" note_type="PinballSlip" Bar="8" Pos="40" Son="" EndArea="3|4" MoveTime="3" />
      <Note ID="20" note_type="PinballSlip" Bar="8" Pos="48" Son="28" EndArea="1|2" MoveTime="3" />
      <Note ID="21" note_type="PinballSingle" Bar="9" Pos="0" Son="" EndArea="3|4" MoveTime="3" />
      <Note ID="22" note_type="PinballSlip" Bar="9" Pos="16" Son="31" EndArea="1|2" MoveTime="3" />
      <Note ID="23" note_type="PinballSingle" Bar="9" Pos="32" Son="" EndArea="3|4" MoveTime="3" />
      <Note ID="24" note_type="PinballSingle" Bar="9" Pos="40" Son="" EndArea="1|2" MoveTime="3" />
      <Note ID="25" note_type="PinballSlip" Bar="9" Pos="48" Son="33" EndArea="3|4" MoveTime="3" />
      <Note ID="26" note_type="PinballSlip" Bar="10" Pos="0" Son="" EndArea="1|2" MoveTime="3" />
      <Note ID="27" note_type="PinballSlip" Bar="10" Pos="16" Son="34" EndArea="3|4" MoveTime="3" />
      <Note ID="28" note_type="PinballSlip" Bar="10" Pos="32" Son="" EndArea="1|2" MoveTime="3" />
      <Note ID="29" note_type="PinballSingle" Bar="10" Pos="40" Son="" EndArea="3|4" MoveTime="3" />
      <Note ID="30" note_type="PinballSlip" Bar="10" Pos="48" Son="36" EndArea="1|2" MoveTime="3" />
      <Note ID="31" note_type="PinballSlip" Bar="11" Pos="0" Son="" EndArea="3|4" MoveTime="3" />
      <Note ID="32" note_type="PinballSlip" Bar="11" Pos="16" Son="43" EndArea="1|2" MoveTime="3" />
      <Note ID="33" note_type="PinballSlip" Bar="11" Pos="32" Son="" EndArea="3|4" MoveTime="3" />
      <Note ID="34" note_type="PinballSlip" Bar="11" Pos="40" Son="" EndArea="1|2" MoveTime="3" />
      <Note ID="35" note_type="PinballSlip" Bar="11" Pos="48" Son="45" EndArea="3|4" MoveTime="3" />
      <Note ID="36" note_type="PinballSlip" Bar="12" Pos="0" Son="" EndArea="1|2" MoveTime="3" />
      <Note ID="37" note_type="PinballSeries" Bar="12" Pos="16" Son="38" EndArea="3|4" MoveTime="3" />
      <Note ID="38" note_type="PinballSeries" Bar="12" Pos="24" Son="" EndArea="3|4" MoveTime="3" />
      <Note ID="39" note_type="PinballSeries" Bar="12" Pos="32" Son="40" EndArea="1|2" MoveTime="3" />
      <Note ID="40" note_type="PinballSeries" Bar="12" Pos="40" Son="" EndArea="1|2" MoveTime="3" />
      <Note ID="41" note_type="PinballSingle" Bar="12" Pos="48" Son="" EndArea="3|4" MoveTime="3" />
      <Note ID="42" note_type="PinballSingle" Bar="12" Pos="56" Son="" EndArea="1|2" MoveTime="3" />
      <Note ID="43" note_type="PinballSlip" Bar="13" Pos="0" Son="" EndArea="3|4" MoveTime="3" />
      <Note ID="44" note_type="PinballSlip" Bar="13" Pos="16" Son="53" EndArea="1|2" MoveTime="3" />
      <Note ID="45" note_type="PinballSlip" Bar="13" Pos="32" Son="" EndArea="3|4" MoveTime="3" />
      <Note ID="46" note_type="PinballSingle" Bar="13" Pos="40" Son="" EndArea="1|2" MoveTime="3" />
      <Note ID="47" note_type="PinballSlip" Bar="13" Pos="48" Son="55" EndArea="3|4" MoveTime="3" />
      <Note ID="48" note_type="PinballSingle" Bar="14" Pos="0" Son="" EndArea="1|2" MoveTime="3" />
      <Note ID="49" note_type="PinballSlip" Bar="14" Pos="16" Son="56" EndArea="3|4" MoveTime="3" />
      <Note ID="50" note_type="PinballSingle" Bar="14" Pos="32" Son="" EndArea="1|2" MoveTime="3" />
      <Note ID="51" note_type="PinballSingle" Bar="14" Pos="40" Son="" EndArea="3|4" MoveTime="3" />
      <Note ID="52" note_type="PinballSlip" Bar="14" Pos="48" Son="60" EndArea="1|2" MoveTime="3" />
      <Note ID="53" note_type="PinballSlip" Bar="15" Pos="0" Son="" EndArea="3|4" MoveTime="3" />
      <Note ID="54" note_type="PinballSlip" Bar="15" Pos="16" Son="61" EndArea="1|2" MoveTime="3" />
      <Note ID="55" note_type="PinballSlip" Bar="15" Pos="32" Son="" EndArea="3|4" MoveTime="3" />
      <Note ID="56" note_type="PinballSlip" Bar="15" Pos="40" Son="" EndArea="1|2" MoveTime="3" />
      <Note ID="57" note_type="PinballSingle" Bar="15" Pos="48" Son="" EndArea="3|4" MoveTime="3" />
      <Note ID="58" note_type="PinballSingle" Bar="16" Pos="0" Son="" EndArea="1|2" MoveTime="3" />
      <Note ID="59" note_type="PinballSlip" Bar="16" Pos="16" Son="68" EndArea="3|4" MoveTime="3" />
      <Note ID="60" note_type="PinballSlip" Bar="16" Pos="24" Son="" EndArea="1|2" MoveTime="3" />
      <Note ID="61" note_type="PinballSlip" Bar="16" Pos="40" Son="" EndArea="1|2" MoveTime="3" />
      <Note ID="62" note_type="PinballSlip" Bar="16" Pos="48" Son="70" EndArea="3|4" MoveTime="3" />
      <Note ID="63" note_type="PinballSingle" Bar="17" Pos="0" Son="" EndArea="1|2" MoveTime="3" />
      <Note ID="64" note_type="PinballSlip" Bar="17" Pos="16" Son="73" EndArea="3|4" MoveTime="3" />
      <Note ID="65" note_type="PinballSingle" Bar="17" Pos="32" Son="" EndArea="1|2" MoveTime="3" />
      <Note ID="66" note_type="PinballSingle" Bar="17" Pos="40" Son="" EndArea="3|4" MoveTime="3" />
      <Note ID="67" note_type="PinballSlip" Bar="17" Pos="48" Son="75" EndArea="1|2" MoveTime="3" />
      <Note ID="68" note_type="PinballSlip" Bar="18" Pos="0" Son="" EndArea="3|4" MoveTime="3" />
      <Note ID="69" note_type="PinballSlip" Bar="18" Pos="16" Son="76" EndArea="1|2" MoveTime="3" />
      <Note ID="70" note_type="PinballSlip" Bar="18" Pos="32" Son="" EndArea="3|4" MoveTime="3" />
      <Note ID="71" note_type="PinballSingle" Bar="18" Pos="40" Son="" EndArea="1|2" MoveTime="3" />
      <Note ID="72" note_type="PinballSingle" Bar="18" Pos="48" Son="" EndArea="3|4" MoveTime="3" />
      <Note ID="73" note_type="PinballSlip" Bar="19" Pos="0" Son="" EndArea="1|2" MoveTime="3" />
      <Note ID="74" note_type="PinballSlip" Bar="19" Pos="16" Son="81" EndArea="3|4" MoveTime="3" />
      <Note ID="75" note_type="PinballSlip" Bar="19" Pos="32" Son="" EndArea="1|2" MoveTime="3" />
      <Note ID="76" note_type="PinballSlip" Bar="19" Pos="40" Son="" EndArea="3|4" MoveTime="3" />
      <Note ID="77" note_type="PinballSlip" Bar="19" Pos="48" Son="84" EndArea="1|2" MoveTime="3" />
      <Note ID="78" note_type="PinballLong" Bar="20" Pos="0" EndBar="20" EndPos="16" Son="" EndArea="3|4" MoveTime="3" />
      <Note ID="79" note_type="PinballLong" Bar="20" Pos="24" EndBar="20" EndPos="40" Son="" EndArea="1|2" MoveTime="3" />
      <Note ID="80" note_type="PinballLong" Bar="20" Pos="48" EndBar="20" EndPos="62" Son="" EndArea="3|4" MoveTime="3" />
      <Note ID="81" note_type="PinballSlip" Bar="21" Pos="0" Son="" EndArea="1|2" MoveTime="3" />
      <Note ID="82" note_type="PinballSingle" Bar="21" Pos="8" Son="" EndArea="3|4" MoveTime="3" />
      <Note ID="83" note_type="PinballSlip" Bar="21" Pos="16" Son="92" EndArea="1|2" MoveTime="3" />
      <Note ID="84" note_type="PinballSlip" Bar="21" Pos="24" Son="" EndArea="3|4" MoveTime="3" />
      <Note ID="85" note_type="PinballSlip" Bar="21" Pos="48" Son="95" EndArea="3|4" MoveTime="3" />
      <Note ID="86" note_type="PinballSingle" Bar="21" Pos="56" Son="" EndArea="1|2" MoveTime="3" />
      <Note ID="87" note_type="PinballSingle" Bar="22" Pos="0" Son="" EndArea="3|4" MoveTime="3" />
      <Note ID="88" note_type="PinballSingle" Bar="22" Pos="8" Son="" EndArea="1|2" MoveTime="3" />
      <Note ID="89" note_type="PinballSeries" Bar="22" Pos="32" Son="90" EndArea="3|4" MoveTime="3" />
      <Note ID="90" note_type="PinballSeries" Bar="22" Pos="40" Son="" EndArea="3|4" MoveTime="3" />
      <Note ID="91" note_type="PinballSlip" Bar="22" Pos="48" Son="99" EndArea="1|2" MoveTime="3" />
      <Note ID="92" note_type="PinballSlip" Bar="23" Pos="0" Son="" EndArea="3|4" MoveTime="3" />
      <Note ID="93" note_type="PinballSingle" Bar="23" Pos="8" Son="" EndArea="1|2" MoveTime="3" />
      <Note ID="94" note_type="PinballSlip" Bar="23" Pos="16" Son="102" EndArea="3|4" MoveTime="3" />
      <Note ID="95" note_type="PinballSlip" Bar="23" Pos="24" Son="" EndArea="1|2" MoveTime="3" />
      <Note ID="96" note_type="PinballSlip" Bar="23" Pos="48" Son="104" EndArea="1|2" MoveTime="3" />
      <Note ID="97" note_type="PinballSingle" Bar="23" Pos="56" Son="" EndArea="3|4" MoveTime="3" />
      <Note ID="98" note_type="PinballSingle" Bar="24" Pos="0" Son="" EndArea="1|2" MoveTime="3" />
      <Note ID="99" note_type="PinballSlip" Bar="24" Pos="8" Son="" EndArea="3|4" MoveTime="3" />
      <Note ID="100" note_type="PinballLong" Bar="24" Pos="16" EndBar="24" EndPos="40" Son="" EndArea="1|2" MoveTime="3" />
      <Note ID="101" note_type="PinballSingle" Bar="24" Pos="48" Son="" EndArea="3|4" MoveTime="3" />
      <Note ID="102" note_type="PinballSlip" Bar="25" Pos="0" Son="" EndArea="1|2" MoveTime="3" />
      <Note ID="103" note_type="PinballSingle" Bar="25" Pos="16" Son="" EndArea="3|4" MoveTime="3" />
      <Note ID="104" note_type="PinballSlip" Bar="25" Pos="24" Son="" EndArea="1|2" MoveTime="3" />
      <Note ID="105" note_type="PinballSingle" Bar="25" Pos="40" Son="" EndArea="3|4" MoveTime="3" />
      <Note ID="106" note_type="PinballLong" Bar="25" Pos="56" EndBar="26" EndPos="8" Son="" EndArea="1|2" MoveTime="3" />
      <Note ID="107" note_type="PinballSingle" Bar="26" Pos="16" Son="" EndArea="3|4" MoveTime="3" />
      <Note ID="108" note_type="PinballSingle" Bar="26" Pos="32" Son="" EndArea="1|2" MoveTime="3" />
      <Note ID="109" note_type="PinballSingle" Bar="26" Pos="48" Son="" EndArea="3|4" MoveTime="3" />
      <Note ID="110" note_type="PinballSlip" Bar="27" Pos="0" Son="115" EndArea="1|2" MoveTime="3" />
      <Note ID="111" note_type="PinballSingle" Bar="27" Pos="16" Son="" EndArea="3|4" MoveTime="3" />
      <Note ID="112" note_type="PinballSingle" Bar="27" Pos="24" Son="" EndArea="1|2" MoveTime="3" />
      <Note ID="113" note_type="PinballSingle" Bar="27" Pos="40" Son="" EndArea="3|4" MoveTime="3" />
      <Note ID="114" note_type="PinballLong" Bar="27" Pos="56" EndBar="28" EndPos="32" Son="" EndArea="1|2" MoveTime="3" />
      <Note ID="115" note_type="PinballSlip" Bar="28" Pos="48" Son="" EndArea="3|4" MoveTime="3" />
      <Note ID="116" note_type="PinballLong" Bar="29" Pos="0" EndBar="29" EndPos="16" Son="" EndArea="1|2" MoveTime="3" />
      <Note ID="117" note_type="PinballSlip" Bar="29" Pos="24" Son="122" EndArea="3|4" MoveTime="3" />
      <Note ID="118" note_type="PinballLong" Bar="29" Pos="48" EndBar="30" EndPos="0" Son="" EndArea="3|4" MoveTime="3" />
      <Note ID="119" note_type="PinballSingle" Bar="30" Pos="8" Son="" EndArea="1|2" MoveTime="3" />
      <Note ID="120" note_type="PinballSingle" Bar="30" Pos="32" Son="" EndArea="3|4" MoveTime="3" />
      <Note ID="121" note_type="PinballSingle" Bar="30" Pos="48" Son="" EndArea="1|2" MoveTime="3" />
      <Note ID="122" note_type="PinballSlip" Bar="31" Pos="0" Son="" EndArea="3|4" MoveTime="3" />
      <Note ID="123" note_type="PinballSingle" Bar="31" Pos="16" Son="" EndArea="1|2" MoveTime="3" />
      <Note ID="124" note_type="PinballSingle" Bar="31" Pos="24" Son="" EndArea="3|4" MoveTime="3" />
      <Note ID="125" note_type="PinballSingle" Bar="31" Pos="38" Son="" EndArea="1|2" MoveTime="3" />
      <Note ID="126" note_type="PinballLong" Bar="31" Pos="54" EndBar="32" EndPos="30" Son="" EndArea="3|4" MoveTime="3" />
      <Note ID="127" note_type="PinballSeries" Bar="32" Pos="32" Son="128" EndArea="1|2" MoveTime="3" />
      <Note ID="128" note_type="PinballSeries" Bar="32" Pos="40" Son="" EndArea="1|2" MoveTime="3" />
      <Note ID="129" note_type="PinballSingle" Bar="32" Pos="48" Son="" EndArea="3|4" MoveTime="3" />
      <Note ID="130" note_type="PinballSingle" Bar="33" Pos="0" Son="" EndArea="1|2" MoveTime="3" />
      <Note ID="131" note_type="PinballSlip" Bar="33" Pos="16" Son="138" EndArea="3|4" MoveTime="3" />
      <Note ID="132" note_type="PinballSingle" Bar="33" Pos="24" Son="" EndArea="1|2" MoveTime="3" />
      <Note ID="133" note_type="PinballSingle" Bar="33" Pos="40" Son="" EndArea="3|4" MoveTime="3" />
      <Note ID="134" note_type="PinballLong" Bar="33" Pos="56" EndBar="34" EndPos="8" Son="" EndArea="1|2" MoveTime="3" />
      <Note ID="135" note_type="PinballSlip" Bar="34" Pos="16" Son="141" EndArea="3|4" MoveTime="3" />
      <Note ID="136" note_type="PinballSingle" Bar="34" Pos="32" Son="" EndArea="1|2" MoveTime="3" />
      <Note ID="137" note_type="PinballSingle" Bar="34" Pos="48" Son="" EndArea="3|4" MoveTime="3" />
      <Note ID="138" note_type="PinballSlip" Bar="35" Pos="0" Son="" EndArea="1|2" MoveTime="3" />
      <Note ID="139" note_type="PinballSlip" Bar="35" Pos="16" Son="143" EndArea="3|4" MoveTime="3" />
      <Note ID="140" note_type="PinballSingle" Bar="35" Pos="24" Son="" EndArea="1|2" MoveTime="3" />
      <Note ID="141" note_type="PinballSlip" Bar="35" Pos="40" Son="" EndArea="3|4" MoveTime="3" />
      <Note ID="142" note_type="PinballLong" Bar="35" Pos="56" EndBar="36" EndPos="32" Son="" EndArea="1|2" MoveTime="3" />
      <Note ID="143" note_type="PinballSlip" Bar="36" Pos="48" Son="" EndArea="3|4" MoveTime="3" />
      <Note ID="144" note_type="PinballLong" Bar="37" Pos="0" EndBar="37" EndPos="16" Son="" EndArea="1|2" MoveTime="3" />
      <Note ID="145" note_type="PinballSingle" Bar="37" Pos="24" Son="" EndArea="3|4" MoveTime="3" />
      <Note ID="146" note_type="PinballLong" Bar="37" Pos="48" EndBar="38" EndPos="0" Son="" EndArea="3|4" MoveTime="3" />
      <Note ID="147" note_type="PinballSingle" Bar="38" Pos="8" Son="" EndArea="1|2" MoveTime="3" />
      <Note ID="148" note_type="PinballSingle" Bar="38" Pos="32" Son="" EndArea="3|4" MoveTime="3" />
      <Note ID="149" note_type="PinballSingle" Bar="38" Pos="48" Son="" EndArea="1|2" MoveTime="3" />
      <Note ID="150" note_type="PinballSingle" Bar="39" Pos="0" Son="" EndArea="3|4" MoveTime="3" />
      <Note ID="151" note_type="PinballSlip" Bar="39" Pos="16" Son="158" EndArea="1|2" MoveTime="3" />
      <Note ID="152" note_type="PinballSingle" Bar="39" Pos="24" Son="" EndArea="3|4" MoveTime="3" />
      <Note ID="153" note_type="PinballSingle" Bar="39" Pos="38" Son="" EndArea="1|2" MoveTime="3" />
      <Note ID="154" note_type="PinballLong" Bar="39" Pos="54" EndBar="40" EndPos="30" Son="" EndArea="3|4" MoveTime="3" />
      <Note ID="155" note_type="PinballSeries" Bar="40" Pos="32" Son="156" EndArea="1|2" MoveTime="3" />
      <Note ID="156" note_type="PinballSeries" Bar="40" Pos="40" Son="" EndArea="1|2" MoveTime="3" />
      <Note ID="157" note_type="PinballSingle" Bar="40" Pos="48" Son="" EndArea="3|4" MoveTime="3" />
      <Note ID="158" note_type="PinballSlip" Bar="41" Pos="0" Son="" EndArea="1|2" MoveTime="3" />
      <Note ID="159" note_type="PinballSingle" Bar="41" Pos="24" Son="" EndArea="1|2" MoveTime="3" />
      <Note ID="160" note_type="PinballSlip" Bar="41" Pos="32" Son="166" EndArea="3|4" MoveTime="3" />
      <Note ID="161" note_type="PinballSingle" Bar="41" Pos="48" Son="" EndArea="1|2" MoveTime="3" />
      <Note ID="162" note_type="PinballSingle" Bar="42" Pos="0" Son="" EndArea="3|4" MoveTime="3" />
      <Note ID="163" note_type="PinballSingle" Bar="42" Pos="16" Son="" EndArea="3|4" MoveTime="3" />
      <Note ID="164" note_type="PinballSlip" Bar="42" Pos="32" Son="170" EndArea="1|2" MoveTime="3" />
      <Note ID="165" note_type="PinballSingle" Bar="42" Pos="48" Son="" EndArea="3|4" MoveTime="3" />
      <Note ID="166" note_type="PinballSlip" Bar="43" Pos="0" Son="" EndArea="1|2" MoveTime="3" />
      <Note ID="167" note_type="PinballSingle" Bar="43" Pos="24" Son="" EndArea="3|4" MoveTime="3" />
      <Note ID="168" note_type="PinballSlip" Bar="43" Pos="32" Son="173" EndArea="1|2" MoveTime="3" />
      <Note ID="169" note_type="PinballSingle" Bar="43" Pos="48" Son="" EndArea="3|4" MoveTime="3" />
      <Note ID="170" note_type="PinballSlip" Bar="44" Pos="0" Son="" EndArea="1|2" MoveTime="3" />
      <Note ID="171" note_type="PinballSingle" Bar="44" Pos="16" Son="" EndArea="3|4" MoveTime="3" />
      <Note ID="172" note_type="PinballSlip" Bar="44" Pos="32" Son="179" EndArea="1|2" MoveTime="3" />
      <Note ID="173" note_type="PinballSlip" Bar="44" Pos="48" Son="" EndArea="3|4" MoveTime="3" />
      <Note ID="174" note_type="PinballSeries" Bar="45" Pos="0" Son="175" EndArea="1|2" MoveTime="3" />
      <Note ID="175" note_type="PinballSeries" Bar="45" Pos="8" Son="" EndArea="1|2" MoveTime="3" />
      <Note ID="176" note_type="PinballSingle" Bar="45" Pos="24" Son="" EndArea="3|4" MoveTime="3" />
      <Note ID="177" note_type="PinballSingle" Bar="45" Pos="40" Son="" EndArea="1|2" MoveTime="3" />
      <Note ID="178" note_type="PinballSlip" Bar="45" Pos="48" Son="185" EndArea="3|4" MoveTime="3" />
      <Note ID="179" note_type="PinballSlip" Bar="46" Pos="0" Son="" EndArea="1|2" MoveTime="3" />
      <Note ID="180" note_type="PinballSingle" Bar="46" Pos="8" Son="" EndArea="3|4" MoveTime="3" />
      <Note ID="181" note_type="PinballSlip" Bar="46" Pos="24" Son="190" EndArea="1|2" MoveTime="3" />
      <Note ID="182" note_type="PinballSingle" Bar="46" Pos="40" Son="" EndArea="3|4" MoveTime="3" />
      <Note ID="183" note_type="PinballSlip" Bar="46" Pos="48" Son="193" EndArea="1|2" MoveTime="3" />
      <Note ID="184" note_type="PinballSlip" Bar="47" Pos="0" Son="196" EndArea="3|4" MoveTime="3" />
      <Note ID="185" note_type="PinballSlip" Bar="47" Pos="16" Son="" EndArea="1|2" MoveTime="3" />
      <Note ID="186" note_type="PinballSingle" Bar="47" Pos="24" Son="" EndArea="3|4" MoveTime="3" />
      <Note ID="187" note_type="PinballSingle" Bar="47" Pos="32" Son="" EndArea="1|2" MoveTime="3" />
      <Note ID="188" note_type="PinballSingle" Bar="47" Pos="40" Son="" EndArea="3|4" MoveTime="3" />
      <Note ID="189" note_type="PinballSingle" Bar="47" Pos="48" Son="" EndArea="1|2" MoveTime="3" />
      <Note ID="190" note_type="PinballSlip" Bar="47" Pos="56" Son="" EndArea="3|4" MoveTime="3" />
      <Note ID="191" note_type="PinballSingle" Bar="48" Pos="0" Son="" EndArea="1|2" MoveTime="3" />
      <Note ID="192" note_type="PinballSingle" Bar="48" Pos="8" Son="" EndArea="3|4" MoveTime="3" />
      <Note ID="193" note_type="PinballSlip" Bar="48" Pos="16" Son="" EndArea="1|2" MoveTime="3" />
      <Note ID="194" note_type="PinballSeries" Bar="48" Pos="32" Son="195" EndArea="3|4" MoveTime="3" />
      <Note ID="195" note_type="PinballSeries" Bar="48" Pos="40" Son="" EndArea="3|4" MoveTime="3" />
      <Note ID="196" note_type="PinballSlip" Bar="48" Pos="48" Son="" EndArea="1|2" MoveTime="3" />
      <Note ID="197" note_type="PinballSingle" Bar="49" Pos="0" Son="" EndArea="3|4" MoveTime="3" />
      <Note ID="198" note_type="PinballSlip" Bar="49" Pos="16" Son="209" EndArea="1|2" MoveTime="3" />
      <Note ID="199" note_type="PinballSeries" Bar="49" Pos="24" Son="200" EndArea="3|4" MoveTime="3" />
      <Note ID="200" note_type="PinballSeries" Bar="49" Pos="32" Son="" EndArea="3|4" MoveTime="3" />
      <Note ID="201" note_type="PinballSingle" Bar="49" Pos="40" Son="" EndArea="1|2" MoveTime="3" />
      <Note ID="202" note_type="PinballSlip" Bar="49" Pos="48" Son="211" EndArea="3|4" MoveTime="3" />
      <Note ID="203" note_type="PinballSingle" Bar="50" Pos="0" Son="" EndArea="1|2" MoveTime="3" />
      <Note ID="204" note_type="PinballSlip" Bar="50" Pos="16" Son="212" EndArea="3|4" MoveTime="3" />
      <Note ID="205" note_type="PinballSeries" Bar="50" Pos="24" Son="206" EndArea="1|2" MoveTime="3" />
      <Note ID="206" note_type="PinballSeries" Bar="50" Pos="32" Son="" EndArea="1|2" MoveTime="3" />
      <Note ID="207" note_type="PinballSingle" Bar="50" Pos="40" Son="" EndArea="3|4" MoveTime="3" />
      <Note ID="208" note_type="PinballSlip" Bar="50" Pos="48" Son="217" EndArea="1|2" MoveTime="3" />
      <Note ID="209" note_type="PinballSlip" Bar="51" Pos="0" Son="" EndArea="3|4" MoveTime="3" />
      <Note ID="210" note_type="PinballSlip" Bar="51" Pos="16" Son="218" EndArea="1|2" MoveTime="3" />
      <Note ID="211" note_type="PinballSlip" Bar="51" Pos="32" Son="" EndArea="3|4" MoveTime="3" />
      <Note ID="212" note_type="PinballSlip" Bar="51" Pos="40" Son="" EndArea="1|2" MoveTime="3" />
      <Note ID="213" note_type="PinballSingle" Bar="51" Pos="48" Son="" EndArea="3|4" MoveTime="3" />
      <Note ID="214" note_type="PinballSeries" Bar="51" Pos="56" Son="215" EndArea="1|2" MoveTime="3" />
      <Note ID="215" note_type="PinballSeries" Bar="52" Pos="0" Son="" EndArea="1|2" MoveTime="3" />
      <Note ID="216" note_type="PinballSlip" Bar="52" Pos="16" Son="227" EndArea="3|4" MoveTime="3" />
      <Note ID="217" note_type="PinballSlip" Bar="52" Pos="24" Son="" EndArea="1|2" MoveTime="3" />
      <Note ID="218" note_type="PinballSlip" Bar="52" Pos="40" Son="" EndArea="1|2" MoveTime="3" />
      <Note ID="219" note_type="PinballSlip" Bar="52" Pos="48" Son="229" EndArea="3|4" MoveTime="3" />
      <Note ID="220" note_type="PinballSeries" Bar="52" Pos="56" Son="221" EndArea="1|2" MoveTime="3" />
      <Note ID="221" note_type="PinballSeries" Bar="53" Pos="0" Son="" EndArea="1|2" MoveTime="3" />
      <Note ID="222" note_type="PinballSlip" Bar="53" Pos="16" Son="232" EndArea="3|4" MoveTime="3" />
      <Note ID="223" note_type="PinballSeries" Bar="53" Pos="24" Son="224" EndArea="1|2" MoveTime="3" />
      <Note ID="224" note_type="PinballSeries" Bar="53" Pos="32" Son="" EndArea="1|2" MoveTime="3" />
      <Note ID="225" note_type="PinballSingle" Bar="53" Pos="40" Son="" EndArea="3|4" MoveTime="3" />
      <Note ID="226" note_type="PinballSlip" Bar="53" Pos="48" Son="234" EndArea="1|2" MoveTime="3" />
      <Note ID="227" note_type="PinballSlip" Bar="54" Pos="0" Son="" EndArea="3|4" MoveTime="3" />
      <Note ID="228" note_type="PinballSlip" Bar="54" Pos="16" Son="235" EndArea="1|2" MoveTime="3" />
      <Note ID="229" note_type="PinballSlip" Bar="54" Pos="32" Son="" EndArea="3|4" MoveTime="3" />
      <Note ID="230" note_type="PinballSingle" Bar="54" Pos="40" Son="" EndArea="1|2" MoveTime="3" />
      <Note ID="231" note_type="PinballSlip" Bar="54" Pos="48" Son="237" EndArea="3|4" MoveTime="3" />
      <Note ID="232" note_type="PinballSlip" Bar="55" Pos="0" Son="" EndArea="1|2" MoveTime="3" />
      <Note ID="233" note_type="PinballSlip" Bar="55" Pos="16" Son="244" EndArea="3|4" MoveTime="3" />
      <Note ID="234" note_type="PinballSlip" Bar="55" Pos="32" Son="" EndArea="1|2" MoveTime="3" />
      <Note ID="235" note_type="PinballSlip" Bar="55" Pos="40" Son="" EndArea="3|4" MoveTime="3" />
      <Note ID="236" note_type="PinballSlip" Bar="55" Pos="48" Son="246" EndArea="1|2" MoveTime="3" />
      <Note ID="237" note_type="PinballSlip" Bar="56" Pos="0" Son="" EndArea="3|4" MoveTime="3" />
      <Note ID="238" note_type="PinballSeries" Bar="56" Pos="16" Son="239" EndArea="1|2" MoveTime="3" />
      <Note ID="239" note_type="PinballSeries" Bar="56" Pos="24" Son="" EndArea="1|2" MoveTime="3" />
      <Note ID="240" note_type="PinballSeries" Bar="56" Pos="32" Son="241" EndArea="3|4" MoveTime="3" />
      <Note ID="241" note_type="PinballSeries" Bar="56" Pos="40" Son="" EndArea="3|4" MoveTime="3" />
      <Note ID="242" note_type="PinballSingle" Bar="56" Pos="48" Son="" EndArea="1|2" MoveTime="3" />
      <Note ID="243" note_type="PinballSingle" Bar="56" Pos="56" Son="" EndArea="3|4" MoveTime="3" />
      <Note ID="244" note_type="PinballSlip" Bar="57" Pos="0" Son="" EndArea="1|2" MoveTime="3" />
      <Note ID="245" note_type="PinballSlip" Bar="57" Pos="16" Son="256" EndArea="3|4" MoveTime="3" />
      <Note ID="246" note_type="PinballSlip" Bar="57" Pos="32" Son="" EndArea="1|2" MoveTime="3" />
      <Note ID="247" note_type="PinballSingle" Bar="57" Pos="40" Son="" EndArea="3|4" MoveTime="3" />
      <Note ID="248" note_type="PinballSlip" Bar="57" Pos="48" Son="258" EndArea="1|2" MoveTime="3" />
      <Note ID="249" note_type="PinballSeries" Bar="57" Pos="56" Son="250" EndArea="3|4" MoveTime="3" />
      <Note ID="250" note_type="PinballSeries" Bar="58" Pos="0" Son="" EndArea="3|4" MoveTime="3" />
      <Note ID="251" note_type="PinballSlip" Bar="58" Pos="16" Son="259" EndArea="1|2" MoveTime="3" />
      <Note ID="252" note_type="PinballSeries" Bar="58" Pos="24" Son="253" EndArea="3|4" MoveTime="3" />
      <Note ID="253" note_type="PinballSeries" Bar="58" Pos="32" Son="" EndArea="3|4" MoveTime="3" />
      <Note ID="254" note_type="PinballSingle" Bar="58" Pos="40" Son="" EndArea="1|2" MoveTime="3" />
      <Note ID="255" note_type="PinballSlip" Bar="58" Pos="48" Son="264" EndArea="3|4" MoveTime="3" />
      <Note ID="256" note_type="PinballSlip" Bar="59" Pos="0" Son="" EndArea="1|2" MoveTime="3" />
      <Note ID="257" note_type="PinballSlip" Bar="59" Pos="16" Son="265" EndArea="3|4" MoveTime="3" />
      <Note ID="258" note_type="PinballSlip" Bar="59" Pos="32" Son="" EndArea="1|2" MoveTime="3" />
      <Note ID="259" note_type="PinballSlip" Bar="59" Pos="40" Son="" EndArea="3|4" MoveTime="3" />
      <Note ID="260" note_type="PinballSeries" Bar="59" Pos="48" Son="261" EndArea="1|2" MoveTime="3" />
      <Note ID="261" note_type="PinballSeries" Bar="59" Pos="56" Son="" EndArea="1|2" MoveTime="3" />
      <Note ID="262" note_type="PinballSingle" Bar="60" Pos="0" Son="" EndArea="3|4" MoveTime="3" />
      <Note ID="263" note_type="PinballSlip" Bar="60" Pos="16" Son="272" EndArea="1|2" MoveTime="3" />
      <Note ID="264" note_type="PinballSlip" Bar="60" Pos="24" Son="" EndArea="3|4" MoveTime="3" />
      <Note ID="265" note_type="PinballSlip" Bar="60" Pos="40" Son="" EndArea="3|4" MoveTime="3" />
      <Note ID="266" note_type="PinballSlip" Bar="60" Pos="48" Son="274" EndArea="1|2" MoveTime="3" />
      <Note ID="267" note_type="PinballSingle" Bar="60" Pos="56" Son="" EndArea="3|4" MoveTime="3" />
      <Note ID="268" note_type="PinballSlip" Bar="61" Pos="16" Son="277" EndArea="1|2" MoveTime="3" />
      <Note ID="269" note_type="PinballSingle" Bar="61" Pos="32" Son="" EndArea="3|4" MoveTime="3" />
      <Note ID="270" note_type="PinballSingle" Bar="61" Pos="40" Son="" EndArea="1|2" MoveTime="3" />
      <Note ID="271" note_type="PinballSlip" Bar="61" Pos="48" Son="281" EndArea="3|4" MoveTime="3" />
      <Note ID="272" note_type="PinballSlip" Bar="62" Pos="0" Son="" EndArea="1|2" MoveTime="3" />
      <Note ID="273" note_type="PinballSlip" Bar="62" Pos="16" Son="282" EndArea="3|4" MoveTime="3" />
      <Note ID="274" note_type="PinballSlip" Bar="62" Pos="32" Son="" EndArea="1|2" MoveTime="3" />
      <Note ID="275" note_type="PinballSingle" Bar="62" Pos="40" Son="" EndArea="3|4" MoveTime="3" />
      <Note ID="276" note_type="PinballSingle" Bar="62" Pos="48" Son="" EndArea="1|2" MoveTime="3" />
      <Note ID="277" note_type="PinballSlip" Bar="62" Pos="56" Son="" EndArea="3|4" MoveTime="3" />
      <Note ID="278" note_type="PinballSeries" Bar="63" Pos="0" Son="279" EndArea="1|2" MoveTime="3" />
      <Note ID="279" note_type="PinballSeries" Bar="63" Pos="8" Son="" EndArea="1|2" MoveTime="3" />
      <Note ID="280" note_type="PinballSingle" Bar="63" Pos="24" Son="" EndArea="3|4" MoveTime="3" />
      <Note ID="281" note_type="PinballSlip" Bar="63" Pos="32" Son="" EndArea="1|2" MoveTime="3" />
      <Note ID="282" note_type="PinballSlip" Bar="63" Pos="48" Son="" EndArea="3|4" MoveTime="3" />
      <Note ID="283" note_type="PinballSingle" Bar="63" Pos="56" Son="" EndArea="1|2" MoveTime="3" />
      <Note ID="284" note_type="PinballLong" Bar="64" Pos="8" EndBar="64" EndPos="22" Son="" EndArea="3|4" MoveTime="3" />
      <Note ID="285" note_type="PinballSeries" Bar="64" Pos="24" Son="286" EndArea="1|2" MoveTime="3" />
      <Note ID="286" note_type="PinballSeries" Bar="64" Pos="32" Son="" EndArea="1|2" MoveTime="3" />
      <Note ID="287" note_type="PinballLong" Bar="64" Pos="48" EndBar="65" EndPos="0" Son="" EndArea="3|4" MoveTime="3" />
      <Note ID="288" note_type="PinballLong" Bar="64" Pos="48" EndBar="65" EndPos="0" Son="" EndArea="1|2" MoveTime="3" />
      <Note ID="289" note_type="PinballSingle" Bar="71" Pos="0" Son="" EndArea="3|4" MoveTime="3" />
      <Note ID="290" note_type="PinballSlip" Bar="71" Pos="16" Son="296" EndArea="1|2" MoveTime="3" />
      <Note ID="291" note_type="PinballSeries" Bar="71" Pos="32" Son="292" EndArea="3|4" MoveTime="3" />
      <Note ID="292" note_type="PinballSeries" Bar="71" Pos="40" Son="" EndArea="3|4" MoveTime="3" />
      <Note ID="293" note_type="PinballSlip" Bar="71" Pos="48" Son="297" EndArea="1|2" MoveTime="3" />
      <Note ID="294" note_type="PinballSingle" Bar="72" Pos="0" Son="" EndArea="3|4" MoveTime="3" />
      <Note ID="295" note_type="PinballLong" Bar="72" Pos="16" EndBar="72" EndPos="40" Son="" EndArea="1|2" MoveTime="3" />
      <Note ID="296" note_type="PinballSlip" Bar="72" Pos="48" Son="" EndArea="3|4" MoveTime="3" />
      <Note ID="297" note_type="PinballSlip" Bar="73" Pos="0" Son="" EndArea="1|2" MoveTime="3" />
      <Note ID="298" note_type="PinballSlip" Bar="73" Pos="16" Son="304" EndArea="3|4" MoveTime="3" />
      <Note ID="299" note_type="PinballSingle" Bar="73" Pos="40" Son="" EndArea="3|4" MoveTime="3" />
      <Note ID="300" note_type="PinballLong" Bar="73" Pos="56" EndBar="74" EndPos="8" Son="" EndArea="1|2" MoveTime="3" />
      <Note ID="301" note_type="PinballSlip" Bar="74" Pos="16" Son="307" EndArea="3|4" MoveTime="3" />
      <Note ID="302" note_type="PinballSingle" Bar="74" Pos="32" Son="" EndArea="1|2" MoveTime="3" />
      <Note ID="303" note_type="PinballSingle" Bar="74" Pos="48" Son="" EndArea="3|4" MoveTime="3" />
      <Note ID="304" note_type="PinballSlip" Bar="75" Pos="0" Son="" EndArea="1|2" MoveTime="3" />
      <Note ID="305" note_type="PinballSlip" Bar="75" Pos="16" Son="309" EndArea="3|4" MoveTime="3" />
      <Note ID="306" note_type="PinballSingle" Bar="75" Pos="24" Son="" EndArea="1|2" MoveTime="3" />
      <Note ID="307" note_type="PinballSlip" Bar="75" Pos="40" Son="" EndArea="3|4" MoveTime="3" />
      <Note ID="308" note_type="PinballLong" Bar="75" Pos="56" EndBar="76" EndPos="32" Son="" EndArea="1|2" MoveTime="3" />
      <Note ID="309" note_type="PinballSlip" Bar="76" Pos="48" Son="" EndArea="3|4" MoveTime="3" />
      <Note ID="310" note_type="PinballLong" Bar="77" Pos="0" EndBar="77" EndPos="16" Son="" EndArea="1|2" MoveTime="3" />
      <Note ID="311" note_type="PinballSingle" Bar="77" Pos="24" Son="" EndArea="3|4" MoveTime="3" />
      <Note ID="312" note_type="PinballLong" Bar="77" Pos="48" EndBar="78" EndPos="0" Son="" EndArea="3|4" MoveTime="3" />
      <Note ID="313" note_type="PinballSingle" Bar="78" Pos="8" Son="" EndArea="1|2" MoveTime="3" />
      <Note ID="314" note_type="PinballSingle" Bar="78" Pos="32" Son="" EndArea="3|4" MoveTime="3" />
      <Note ID="315" note_type="PinballSingle" Bar="78" Pos="48" Son="" EndArea="1|2" MoveTime="3" />
      <Note ID="316" note_type="PinballSingle" Bar="79" Pos="0" Son="" EndArea="3|4" MoveTime="3" />
      <Note ID="317" note_type="PinballSlip" Bar="79" Pos="16" Son="324" EndArea="1|2" MoveTime="3" />
      <Note ID="318" note_type="PinballLong" Bar="79" Pos="24" EndBar="79" EndPos="62" Son="" EndArea="3|4" MoveTime="3" />
      <Note ID="319" note_type="PinballSingle" Bar="79" Pos="48" Son="" EndArea="1|2" MoveTime="3" />
      <Note ID="320" note_type="PinballSingle" Bar="80" Pos="0" Son="" EndArea="1|2" MoveTime="3" />
      <Note ID="321" note_type="PinballSeries" Bar="80" Pos="32" Son="322" EndArea="1|2" MoveTime="3" />
      <Note ID="322" note_type="PinballSeries" Bar="80" Pos="40" Son="" EndArea="1|2" MoveTime="3" />
      <Note ID="323" note_type="PinballSingle" Bar="80" Pos="48" Son="" EndArea="3|4" MoveTime="3" />
      <Note ID="324" note_type="PinballSlip" Bar="81" Pos="0" Son="" EndArea="1|2" MoveTime="3" />
      <Note ID="325" note_type="PinballSingle" Bar="81" Pos="24" Son="" EndArea="1|2" MoveTime="3" />
      <Note ID="326" note_type="PinballSlip" Bar="81" Pos="32" Son="332" EndArea="3|4" MoveTime="3" />
      <Note ID="327" note_type="PinballSingle" Bar="81" Pos="48" Son="" EndArea="1|2" MoveTime="3" />
      <Note ID="328" note_type="PinballSingle" Bar="82" Pos="0" Son="" EndArea="3|4" MoveTime="3" />
      <Note ID="329" note_type="PinballSingle" Bar="82" Pos="16" Son="" EndArea="3|4" MoveTime="3" />
      <Note ID="330" note_type="PinballSlip" Bar="82" Pos="32" Son="336" EndArea="1|2" MoveTime="3" />
      <Note ID="331" note_type="PinballSingle" Bar="82" Pos="48" Son="" EndArea="3|4" MoveTime="3" />
      <Note ID="332" note_type="PinballSlip" Bar="83" Pos="0" Son="" EndArea="1|2" MoveTime="3" />
      <Note ID="333" note_type="PinballSingle" Bar="83" Pos="24" Son="" EndArea="3|4" MoveTime="3" />
      <Note ID="334" note_type="PinballSlip" Bar="83" Pos="32" Son="339" EndArea="1|2" MoveTime="3" />
      <Note ID="335" note_type="PinballSingle" Bar="83" Pos="48" Son="" EndArea="3|4" MoveTime="3" />
      <Note ID="336" note_type="PinballSlip" Bar="84" Pos="0" Son="" EndArea="1|2" MoveTime="3" />
      <Note ID="337" note_type="PinballSingle" Bar="84" Pos="16" Son="" EndArea="3|4" MoveTime="3" />
      <Note ID="338" note_type="PinballSlip" Bar="84" Pos="32" Son="345" EndArea="1|2" MoveTime="3" />
      <Note ID="339" note_type="PinballSlip" Bar="84" Pos="48" Son="" EndArea="3|4" MoveTime="3" />
      <Note ID="340" note_type="PinballSeries" Bar="85" Pos="0" Son="341" EndArea="1|2" MoveTime="3" />
      <Note ID="341" note_type="PinballSeries" Bar="85" Pos="8" Son="" EndArea="1|2" MoveTime="3" />
      <Note ID="342" note_type="PinballSingle" Bar="85" Pos="24" Son="" EndArea="3|4" MoveTime="3" />
      <Note ID="343" note_type="PinballSingle" Bar="85" Pos="40" Son="" EndArea="1|2" MoveTime="3" />
      <Note ID="344" note_type="PinballSlip" Bar="85" Pos="48" Son="351" EndArea="3|4" MoveTime="3" />
      <Note ID="345" note_type="PinballSlip" Bar="86" Pos="0" Son="" EndArea="1|2" MoveTime="3" />
      <Note ID="346" note_type="PinballSingle" Bar="86" Pos="8" Son="" EndArea="3|4" MoveTime="3" />
      <Note ID="347" note_type="PinballSlip" Bar="86" Pos="24" Son="356" EndArea="1|2" MoveTime="3" />
      <Note ID="348" note_type="PinballSingle" Bar="86" Pos="40" Son="" EndArea="3|4" MoveTime="3" />
      <Note ID="349" note_type="PinballSlip" Bar="86" Pos="48" Son="359" EndArea="1|2" MoveTime="3" />
      <Note ID="350" note_type="PinballSlip" Bar="87" Pos="0" Son="362" EndArea="3|4" MoveTime="3" />
      <Note ID="351" note_type="PinballSlip" Bar="87" Pos="16" Son="" EndArea="1|2" MoveTime="3" />
      <Note ID="352" note_type="PinballSingle" Bar="87" Pos="24" Son="" EndArea="3|4" MoveTime="3" />
      <Note ID="353" note_type="PinballSingle" Bar="87" Pos="32" Son="" EndArea="1|2" MoveTime="3" />
      <Note ID="354" note_type="PinballSingle" Bar="87" Pos="40" Son="" EndArea="3|4" MoveTime="3" />
      <Note ID="355" note_type="PinballSingle" Bar="87" Pos="48" Son="" EndArea="1|2" MoveTime="3" />
      <Note ID="356" note_type="PinballSlip" Bar="87" Pos="56" Son="" EndArea="3|4" MoveTime="3" />
      <Note ID="357" note_type="PinballSingle" Bar="88" Pos="0" Son="" EndArea="1|2" MoveTime="3" />
      <Note ID="358" note_type="PinballSingle" Bar="88" Pos="8" Son="" EndArea="3|4" MoveTime="3" />
      <Note ID="359" note_type="PinballSlip" Bar="88" Pos="16" Son="" EndArea="1|2" MoveTime="3" />
      <Note ID="360" note_type="PinballSeries" Bar="88" Pos="32" Son="361" EndArea="3|4" MoveTime="3" />
      <Note ID="361" note_type="PinballSeries" Bar="88" Pos="40" Son="" EndArea="3|4" MoveTime="3" />
      <Note ID="362" note_type="PinballSlip" Bar="88" Pos="48" Son="" EndArea="1|2" MoveTime="3" />
      <Note ID="363" note_type="PinballSingle" Bar="89" Pos="0" Son="" EndArea="3|4" MoveTime="3" />
      <Note ID="364" note_type="PinballSlip" Bar="89" Pos="16" Son="375" EndArea="1|2" MoveTime="3" />
      <Note ID="365" note_type="PinballSeries" Bar="89" Pos="24" Son="366" EndArea="3|4" MoveTime="3" />
      <Note ID="366" note_type="PinballSeries" Bar="89" Pos="32" Son="" EndArea="3|4" MoveTime="3" />
      <Note ID="367" note_type="PinballSingle" Bar="89" Pos="40" Son="" EndArea="1|2" MoveTime="3" />
      <Note ID="368" note_type="PinballSlip" Bar="89" Pos="48" Son="377" EndArea="3|4" MoveTime="3" />
      <Note ID="369" note_type="PinballSingle" Bar="90" Pos="0" Son="" EndArea="1|2" MoveTime="3" />
      <Note ID="370" note_type="PinballSlip" Bar="90" Pos="16" Son="378" EndArea="3|4" MoveTime="3" />
      <Note ID="371" note_type="PinballSeries" Bar="90" Pos="24" Son="372" EndArea="1|2" MoveTime="3" />
      <Note ID="372" note_type="PinballSeries" Bar="90" Pos="32" Son="" EndArea="1|2" MoveTime="3" />
      <Note ID="373" note_type="PinballSingle" Bar="90" Pos="40" Son="" EndArea="3|4" MoveTime="3" />
      <Note ID="374" note_type="PinballSlip" Bar="90" Pos="48" Son="383" EndArea="1|2" MoveTime="3" />
      <Note ID="375" note_type="PinballSlip" Bar="91" Pos="0" Son="" EndArea="3|4" MoveTime="3" />
      <Note ID="376" note_type="PinballSlip" Bar="91" Pos="16" Son="384" EndArea="1|2" MoveTime="3" />
      <Note ID="377" note_type="PinballSlip" Bar="91" Pos="32" Son="" EndArea="3|4" MoveTime="3" />
      <Note ID="378" note_type="PinballSlip" Bar="91" Pos="40" Son="" EndArea="1|2" MoveTime="3" />
      <Note ID="379" note_type="PinballSingle" Bar="91" Pos="48" Son="" EndArea="3|4" MoveTime="3" />
      <Note ID="380" note_type="PinballSeries" Bar="91" Pos="56" Son="381" EndArea="1|2" MoveTime="3" />
      <Note ID="381" note_type="PinballSeries" Bar="92" Pos="0" Son="" EndArea="1|2" MoveTime="3" />
      <Note ID="382" note_type="PinballSlip" Bar="92" Pos="16" Son="393" EndArea="3|4" MoveTime="3" />
      <Note ID="383" note_type="PinballSlip" Bar="92" Pos="24" Son="" EndArea="1|2" MoveTime="3" />
      <Note ID="384" note_type="PinballSlip" Bar="92" Pos="40" Son="" EndArea="1|2" MoveTime="3" />
      <Note ID="385" note_type="PinballSlip" Bar="92" Pos="48" Son="395" EndArea="3|4" MoveTime="3" />
      <Note ID="386" note_type="PinballSeries" Bar="92" Pos="56" Son="387" EndArea="1|2" MoveTime="3" />
      <Note ID="387" note_type="PinballSeries" Bar="93" Pos="0" Son="" EndArea="1|2" MoveTime="3" />
      <Note ID="388" note_type="PinballSlip" Bar="93" Pos="16" Son="398" EndArea="3|4" MoveTime="3" />
      <Note ID="389" note_type="PinballSeries" Bar="93" Pos="24" Son="390" EndArea="1|2" MoveTime="3" />
      <Note ID="390" note_type="PinballSeries" Bar="93" Pos="32" Son="" EndArea="1|2" MoveTime="3" />
      <Note ID="391" note_type="PinballSingle" Bar="93" Pos="40" Son="" EndArea="3|4" MoveTime="3" />
      <Note ID="392" note_type="PinballSlip" Bar="93" Pos="48" Son="400" EndArea="1|2" MoveTime="3" />
      <Note ID="393" note_type="PinballSlip" Bar="94" Pos="0" Son="" EndArea="3|4" MoveTime="3" />
      <Note ID="394" note_type="PinballSlip" Bar="94" Pos="16" Son="401" EndArea="1|2" MoveTime="3" />
      <Note ID="395" note_type="PinballSlip" Bar="94" Pos="32" Son="" EndArea="3|4" MoveTime="3" />
      <Note ID="396" note_type="PinballSingle" Bar="94" Pos="40" Son="" EndArea="1|2" MoveTime="3" />
      <Note ID="397" note_type="PinballSlip" Bar="94" Pos="48" Son="403" EndArea="3|4" MoveTime="3" />
      <Note ID="398" note_type="PinballSlip" Bar="95" Pos="0" Son="" EndArea="1|2" MoveTime="3" />
      <Note ID="399" note_type="PinballSlip" Bar="95" Pos="16" Son="410" EndArea="3|4" MoveTime="3" />
      <Note ID="400" note_type="PinballSlip" Bar="95" Pos="32" Son="" EndArea="1|2" MoveTime="3" />
      <Note ID="401" note_type="PinballSlip" Bar="95" Pos="40" Son="" EndArea="3|4" MoveTime="3" />
      <Note ID="402" note_type="PinballSlip" Bar="95" Pos="48" Son="412" EndArea="1|2" MoveTime="3" />
      <Note ID="403" note_type="PinballSlip" Bar="96" Pos="0" Son="" EndArea="3|4" MoveTime="3" />
      <Note ID="404" note_type="PinballSeries" Bar="96" Pos="16" Son="405" EndArea="1|2" MoveTime="3" />
      <Note ID="405" note_type="PinballSeries" Bar="96" Pos="24" Son="" EndArea="1|2" MoveTime="3" />
      <Note ID="406" note_type="PinballSeries" Bar="96" Pos="32" Son="407" EndArea="3|4" MoveTime="3" />
      <Note ID="407" note_type="PinballSeries" Bar="96" Pos="40" Son="" EndArea="3|4" MoveTime="3" />
      <Note ID="408" note_type="PinballSingle" Bar="96" Pos="48" Son="" EndArea="1|2" MoveTime="3" />
      <Note ID="409" note_type="PinballSingle" Bar="96" Pos="56" Son="" EndArea="3|4" MoveTime="3" />
      <Note ID="410" note_type="PinballSlip" Bar="97" Pos="0" Son="" EndArea="1|2" MoveTime="3" />
      <Note ID="411" note_type="PinballSlip" Bar="97" Pos="16" Son="422" EndArea="3|4" MoveTime="3" />
      <Note ID="412" note_type="PinballSlip" Bar="97" Pos="32" Son="" EndArea="1|2" MoveTime="3" />
      <Note ID="413" note_type="PinballSingle" Bar="97" Pos="40" Son="" EndArea="3|4" MoveTime="3" />
      <Note ID="414" note_type="PinballSlip" Bar="97" Pos="48" Son="424" EndArea="1|2" MoveTime="3" />
      <Note ID="415" note_type="PinballSeries" Bar="97" Pos="56" Son="416" EndArea="3|4" MoveTime="3" />
      <Note ID="416" note_type="PinballSeries" Bar="98" Pos="0" Son="" EndArea="3|4" MoveTime="3" />
      <Note ID="417" note_type="PinballSlip" Bar="98" Pos="16" Son="425" EndArea="1|2" MoveTime="3" />
      <Note ID="418" note_type="PinballSeries" Bar="98" Pos="24" Son="419" EndArea="3|4" MoveTime="3" />
      <Note ID="419" note_type="PinballSeries" Bar="98" Pos="32" Son="" EndArea="3|4" MoveTime="3" />
      <Note ID="420" note_type="PinballSingle" Bar="98" Pos="40" Son="" EndArea="1|2" MoveTime="3" />
      <Note ID="421" note_type="PinballSlip" Bar="98" Pos="48" Son="430" EndArea="3|4" MoveTime="3" />
      <Note ID="422" note_type="PinballSlip" Bar="99" Pos="0" Son="" EndArea="1|2" MoveTime="3" />
      <Note ID="423" note_type="PinballSlip" Bar="99" Pos="16" Son="431" EndArea="3|4" MoveTime="3" />
      <Note ID="424" note_type="PinballSlip" Bar="99" Pos="32" Son="" EndArea="1|2" MoveTime="3" />
      <Note ID="425" note_type="PinballSlip" Bar="99" Pos="40" Son="" EndArea="3|4" MoveTime="3" />
      <Note ID="426" note_type="PinballSeries" Bar="99" Pos="48" Son="427" EndArea="1|2" MoveTime="3" />
      <Note ID="427" note_type="PinballSeries" Bar="99" Pos="56" Son="" EndArea="1|2" MoveTime="3" />
      <Note ID="428" note_type="PinballSingle" Bar="100" Pos="0" Son="" EndArea="3|4" MoveTime="3" />
      <Note ID="429" note_type="PinballSlip" Bar="100" Pos="16" Son="438" EndArea="1|2" MoveTime="3" />
      <Note ID="430" note_type="PinballSlip" Bar="100" Pos="24" Son="" EndArea="3|4" MoveTime="3" />
      <Note ID="431" note_type="PinballSlip" Bar="100" Pos="40" Son="" EndArea="3|4" MoveTime="3" />
      <Note ID="432" note_type="PinballSlip" Bar="100" Pos="48" Son="440" EndArea="1|2" MoveTime="3" />
      <Note ID="433" note_type="PinballSingle" Bar="100" Pos="56" Son="" EndArea="3|4" MoveTime="3" />
      <Note ID="434" note_type="PinballSlip" Bar="101" Pos="16" Son="443" EndArea="1|2" MoveTime="3" />
      <Note ID="435" note_type="PinballSingle" Bar="101" Pos="32" Son="" EndArea="3|4" MoveTime="3" />
      <Note ID="436" note_type="PinballSingle" Bar="101" Pos="40" Son="" EndArea="1|2" MoveTime="3" />
      <Note ID="437" note_type="PinballSlip" Bar="101" Pos="48" Son="447" EndArea="3|4" MoveTime="3" />
      <Note ID="438" note_type="PinballSlip" Bar="102" Pos="0" Son="" EndArea="1|2" MoveTime="3" />
      <Note ID="439" note_type="PinballSlip" Bar="102" Pos="16" Son="448" EndArea="3|4" MoveTime="3" />
      <Note ID="440" note_type="PinballSlip" Bar="102" Pos="32" Son="" EndArea="1|2" MoveTime="3" />
      <Note ID="441" note_type="PinballSingle" Bar="102" Pos="40" Son="" EndArea="3|4" MoveTime="3" />
      <Note ID="442" note_type="PinballSingle" Bar="102" Pos="48" Son="" EndArea="1|2" MoveTime="3" />
      <Note ID="443" note_type="PinballSlip" Bar="102" Pos="56" Son="" EndArea="3|4" MoveTime="3" />
      <Note ID="444" note_type="PinballSeries" Bar="103" Pos="0" Son="445" EndArea="1|2" MoveTime="3" />
      <Note ID="445" note_type="PinballSeries" Bar="103" Pos="8" Son="" EndArea="1|2" MoveTime="3" />
      <Note ID="446" note_type="PinballSingle" Bar="103" Pos="24" Son="" EndArea="3|4" MoveTime="3" />
      <Note ID="447" note_type="PinballSlip" Bar="103" Pos="32" Son="" EndArea="1|2" MoveTime="3" />
      <Note ID="448" note_type="PinballSlip" Bar="103" Pos="48" Son="" EndArea="3|4" MoveTime="3" />
      <Note ID="449" note_type="PinballSingle" Bar="103" Pos="56" Son="" EndArea="1|2" MoveTime="3" />
      <Note ID="450" note_type="PinballLong" Bar="104" Pos="8" EndBar="104" EndPos="22" Son="" EndArea="3|4" MoveTime="3" />
      <Note ID="451" note_type="PinballSeries" Bar="104" Pos="24" Son="452" EndArea="1|2" MoveTime="3" />
      <Note ID="452" note_type="PinballSeries" Bar="104" Pos="32" Son="" EndArea="1|2" MoveTime="3" />
      <Note ID="453" note_type="PinballLong" Bar="104" Pos="48" EndBar="105" EndPos="0" Son="" EndArea="1|2" MoveTime="3" />
      <Note ID="454" note_type="PinballLong" Bar="104" Pos="48" EndBar="105" EndPos="0" Son="" EndArea="3|4" MoveTime="3" />
    </Normal>
  </NoteInfo>
  <ActionSeq type="1">
    <ActionList start_bar="5" dance_len="1" seq_len="4" level="2" type="" />
    <ActionList start_bar="9" dance_len="2" seq_len="4" level="2" type="" />
    <ActionList start_bar="13" dance_len="2" seq_len="8" level="2" type="" />
    <ActionList start_bar="21" dance_len="2" seq_len="4" level="2" type="" />
    <ActionList start_bar="25" dance_len="2" seq_len="4" level="2" type="" />
    <ActionList start_bar="29" dance_len="2" seq_len="4" level="2" type="" />
    <ActionList start_bar="33" dance_len="2" seq_len="8" level="2" type="" />
    <ActionList start_bar="41" dance_len="2" seq_len="4" level="2" type="" />
    <ActionList start_bar="45" dance_len="2" seq_len="4" level="2" type="" />
    <ActionList start_bar="49" dance_len="2" seq_len="8" level="2" type="" />
    <ActionList start_bar="57" dance_len="2" seq_len="8" level="2" type="" />
    <ActionList start_bar="65" dance_len="4" seq_len="4" level="2" type="" />
    <ActionList start_bar="69" dance_len="1" seq_len="4" level="2" type="" />
    <ActionList start_bar="73" dance_len="2" seq_len="4" level="2" type="" />
    <ActionList start_bar="77" dance_len="2" seq_len="4" level="2" type="" />
    <ActionList start_bar="81" dance_len="2" seq_len="4" level="2" type="" />
    <ActionList start_bar="85" dance_len="2" seq_len="4" level="2" type="" />
    <ActionList start_bar="89" dance_len="2" seq_len="8" level="2" type="" />
    <ActionList start_bar="97" dance_len="2" seq_len="8" level="2" type="" />
    <ActionList start_bar="105" dance_len="4" seq_len="4" level="2" type="" />
  </ActionSeq>
  <CameraSeq>
    <Camera name="SC" bar="5" pos="0" end_bar="104" end_pos="0" />
  </CameraSeq>  <DancerSort>
    <Bar>15</Bar>
    <Bar>17</Bar>
    <Bar>19</Bar>
    <Bar>21</Bar>
    <Bar>23</Bar>
    <Bar>25</Bar>
    <Bar>27</Bar>
    <Bar>29</Bar>
    <Bar>31</Bar>
    <Bar>33</Bar>
    <Bar>35</Bar>
    <Bar>37</Bar>
    <Bar>39</Bar>
    <Bar>41</Bar>
    <Bar>43</Bar>
    <Bar>45</Bar>
    <Bar>47</Bar>
    <Bar>49</Bar>
    <Bar>51</Bar>
    <Bar>53</Bar>
    <Bar>55</Bar>
    <Bar>57</Bar>
    <Bar>59</Bar>
    <Bar>61</Bar>
    <Bar>63</Bar>
    <Bar>65</Bar>
    <Bar>67</Bar>
    <Bar>69</Bar>
    <Bar>71</Bar>
    <Bar>73</Bar>
    <Bar>75</Bar>
    <Bar>77</Bar>
    <Bar>79</Bar>
    <Bar>81</Bar>
    <Bar>83</Bar>
    <Bar>85</Bar>
    <Bar>87</Bar>
    <Bar>89</Bar>
    <Bar>91</Bar>
    <Bar>93</Bar>
    <Bar>95</Bar>
    <Bar>97</Bar>
    <Bar>99</Bar>
    <Bar>101</Bar>
  </DancerSort>
  <StageEffectSeq>
    <effect name="wutai_scene_global_script" bar="-1" length="-1" />
    <effect name="wutai_scene_note_biaozhun_01" bar="5" length="99" />
    <effect name="wutai_scene_note_biaozhun_01" bar="104" length="-1" />
  </StageEffectSeq>
</Level>