<?xml version="1.0" encoding="utf-8"?>
<Level>
  <LevelInfo>
    <BPM>180</BPM>
    <BeatPerBar>4</BeatPerBar>
    <BeatLen>16</BeatLen>
    <EnterTimeAdjust>1550</EnterTimeAdjust>
    <NotePreShow>1</NotePreShow>
    <LevelTime>166666</LevelTime>
    <BarAmount>103</BarAmount>
    <BeginBarLen>4</BeginBarLen>
    <IsFourTrack>False</IsFourTrack>
    <TrackCount>5</TrackCount>
    <LevelPreTime>4000</LevelPreTime>
  </LevelInfo>
  <MusicInfo>
    <Title>火花</Title>
    <Artist>高耀太</Artist>
    <FilePath>audio/bgm/100171</FilePath>
  </MusicInfo>
  <SectionSeq>
    <Section type="previous" endbar="0" mark="" param1="wutai_scene_pre_script_2" />
    <Section type="begin" startbar="1" endbar="4" mark="" param1="wutai_scene_begin_script_2" />
    <Section type="note" startbar="5" endbar="45" mark="" param1="" />
    <Section type="showtime" startbar="46" endbar="49" mark="dance" param1="" />
    <Section type="note" startbar="52" endbar="99" mark="" param1="" />
    <Section type="showtime" startbar="100" endbar="103" mark="pose_xuanku" param1="" />
  </SectionSeq>
  <IndicatorResetPos PosNum="64" />
  <NoteInfo>
    <Normal>
      <Note ID="1" note_type="PinballSingle" Bar="5" Pos="0" Son="" EndArea="1|2" MoveTime="3" />
      <Note ID="2" note_type="PinballSeries" Bar="5" Pos="16" Son="3" EndArea="3|4" MoveTime="3" />
      <Note ID="3" note_type="PinballSeries" Bar="5" Pos="24" Son="" EndArea="3|4" MoveTime="3" />
      <Note ID="4" note_type="PinballSeries" Bar="5" Pos="32" Son="5" EndArea="1|2" MoveTime="3" />
      <Note ID="5" note_type="PinballSeries" Bar="5" Pos="40" Son="" EndArea="1|2" MoveTime="3" />
      <Note ID="6" note_type="PinballSeries" Bar="5" Pos="48" Son="7" EndArea="3|4" MoveTime="3" />
      <Note ID="7" note_type="PinballSeries" Bar="5" Pos="56" Son="" EndArea="3|4" MoveTime="3" />
      <Note ID="8" note_type="PinballSingle" Bar="6" Pos="0" Son="" EndArea="1|2" MoveTime="3" />
      <Note ID="9" note_type="PinballSlip" Bar="6" Pos="16" Son="15" EndArea="1|2" MoveTime="3" />
      <Note ID="10" note_type="PinballLong" Bar="6" Pos="32" EndBar="7" EndPos="0" Son="" EndArea="3|4" MoveTime="3" />
      <Note ID="11" note_type="PinballSlip" Bar="7" Pos="0" Son="19" EndArea="1|2" MoveTime="3" />
      <Note ID="12" note_type="PinballSeries" Bar="7" Pos="16" Son="13" EndArea="3|4" MoveTime="3" />
      <Note ID="13" note_type="PinballSeries" Bar="7" Pos="24" Son="14" EndArea="3|4" MoveTime="3" />
      <Note ID="14" note_type="PinballSeries" Bar="7" Pos="32" Son="" EndArea="3|4" MoveTime="3" />
      <Note ID="15" note_type="PinballSlip" Bar="7" Pos="48" Son="" EndArea="1|2" MoveTime="3" />
      <Note ID="16" note_type="PinballSingle" Bar="7" Pos="56" Son="" EndArea="1|2" MoveTime="3" />
      <Note ID="17" note_type="PinballLong" Bar="8" Pos="0" EndBar="8" EndPos="32" Son="" EndArea="1|2" MoveTime="3" />
      <Note ID="18" note_type="PinballLong" Bar="8" Pos="32" EndBar="9" EndPos="0" Son="" EndArea="3|4" MoveTime="3" />
      <Note ID="19" note_type="PinballSlip" Bar="9" Pos="0" Son="" EndArea="1|2" MoveTime="3" />
      <Note ID="20" note_type="PinballSeries" Bar="9" Pos="16" Son="21" EndArea="1|2" MoveTime="3" />
      <Note ID="21" note_type="PinballSeries" Bar="9" Pos="24" Son="22" EndArea="1|2" MoveTime="3" />
      <Note ID="22" note_type="PinballSeries" Bar="9" Pos="32" Son="" EndArea="1|2" MoveTime="3" />
      <Note ID="23" note_type="PinballSeries" Bar="9" Pos="48" Son="24" EndArea="3|4" MoveTime="3" />
      <Note ID="24" note_type="PinballSeries" Bar="9" Pos="56" Son="" EndArea="3|4" MoveTime="3" />
      <Note ID="25" note_type="PinballSeries" Bar="10" Pos="0" Son="26" EndArea="1|2" MoveTime="3" />
      <Note ID="26" note_type="PinballSeries" Bar="10" Pos="8" Son="" EndArea="1|2" MoveTime="3" />
      <Note ID="27" note_type="PinballSeries" Bar="10" Pos="16" Son="28" EndArea="3|4" MoveTime="3" />
      <Note ID="28" note_type="PinballSeries" Bar="10" Pos="24" Son="" EndArea="3|4" MoveTime="3" />
      <Note ID="29" note_type="PinballLong" Bar="10" Pos="32" EndBar="11" EndPos="0" Son="" EndArea="1|2" MoveTime="3" />
      <Note ID="30" note_type="PinballSingle" Bar="11" Pos="0" Son="" EndArea="3|4" MoveTime="3" />
      <Note ID="31" note_type="PinballSlip" Bar="11" Pos="16" Son="43" EndArea="3|4" MoveTime="3" />
      <Note ID="32" note_type="PinballSeries" Bar="11" Pos="32" Son="33" EndArea="1|2" MoveTime="3" />
      <Note ID="33" note_type="PinballSeries" Bar="11" Pos="40" Son="" EndArea="1|2" MoveTime="3" />
      <Note ID="34" note_type="PinballSeries" Bar="11" Pos="48" Son="35" EndArea="3|4" MoveTime="3" />
      <Note ID="35" note_type="PinballSeries" Bar="11" Pos="56" Son="" EndArea="3|4" MoveTime="3" />
      <Note ID="36" note_type="PinballLong" Bar="12" Pos="0" EndBar="12" EndPos="32" Son="" EndArea="3|4" MoveTime="3" />
      <Note ID="37" note_type="PinballSingle" Bar="12" Pos="16" Son="" EndArea="1|2" MoveTime="3" />
      <Note ID="38" note_type="PinballSeries" Bar="12" Pos="32" Son="39" EndArea="1|2" MoveTime="3" />
      <Note ID="39" note_type="PinballSeries" Bar="12" Pos="40" Son="" EndArea="1|2" MoveTime="3" />
      <Note ID="40" note_type="PinballSeries" Bar="12" Pos="48" Son="41" EndArea="1|2" MoveTime="3" />
      <Note ID="41" note_type="PinballSeries" Bar="12" Pos="56" Son="" EndArea="1|2" MoveTime="3" />
      <Note ID="42" note_type="PinballSlip" Bar="13" Pos="0" Son="52" EndArea="1|2" MoveTime="3" />
      <Note ID="43" note_type="PinballSlip" Bar="13" Pos="16" Son="" EndArea="3|4" MoveTime="3" />
      <Note ID="44" note_type="PinballSingle" Bar="13" Pos="24" Son="" EndArea="1|2" MoveTime="3" />
      <Note ID="45" note_type="PinballSingle" Bar="13" Pos="32" Son="" EndArea="3|4" MoveTime="3" />
      <Note ID="46" note_type="PinballSingle" Bar="13" Pos="40" Son="" EndArea="1|2" MoveTime="3" />
      <Note ID="47" note_type="PinballSingle" Bar="13" Pos="48" Son="" EndArea="3|4" MoveTime="3" />
      <Note ID="48" note_type="PinballSingle" Bar="13" Pos="56" Son="" EndArea="1|2" MoveTime="3" />
      <Note ID="49" note_type="PinballSingle" Bar="14" Pos="0" Son="" EndArea="3|4" MoveTime="3" />
      <Note ID="50" note_type="PinballSlip" Bar="14" Pos="16" Son="56" EndArea="3|4" MoveTime="3" />
      <Note ID="51" note_type="PinballLong" Bar="14" Pos="32" EndBar="14" EndPos="48" Son="" EndArea="1|2" MoveTime="3" />
      <Note ID="52" note_type="PinballSlip" Bar="15" Pos="0" Son="" EndArea="1|2" MoveTime="3" />
      <Note ID="53" note_type="PinballSeries" Bar="15" Pos="16" Son="54" EndArea="3|4" MoveTime="3" />
      <Note ID="54" note_type="PinballSeries" Bar="15" Pos="24" Son="55" EndArea="3|4" MoveTime="3" />
      <Note ID="55" note_type="PinballSeries" Bar="15" Pos="32" Son="" EndArea="3|4" MoveTime="3" />
      <Note ID="56" note_type="PinballSlip" Bar="15" Pos="48" Son="" EndArea="1|2" MoveTime="3" />
      <Note ID="57" note_type="PinballSingle" Bar="15" Pos="56" Son="" EndArea="1|2" MoveTime="3" />
      <Note ID="58" note_type="PinballLong" Bar="16" Pos="0" EndBar="16" EndPos="48" Son="" EndArea="1|2" MoveTime="3" />
      <Note ID="59" note_type="PinballSlip" Bar="17" Pos="0" Son="70" EndArea="1|2" MoveTime="3" />
      <Note ID="60" note_type="PinballSeries" Bar="17" Pos="16" Son="61" EndArea="3|4" MoveTime="3" />
      <Note ID="61" note_type="PinballSeries" Bar="17" Pos="24" Son="62" EndArea="3|4" MoveTime="3" />
      <Note ID="62" note_type="PinballSeries" Bar="17" Pos="32" Son="" EndArea="3|4" MoveTime="3" />
      <Note ID="63" note_type="PinballSingle" Bar="17" Pos="48" Son="" EndArea="1|2" MoveTime="3" />
      <Note ID="64" note_type="PinballSingle" Bar="17" Pos="56" Son="" EndArea="3|4" MoveTime="3" />
      <Note ID="65" note_type="PinballSingle" Bar="18" Pos="0" Son="" EndArea="1|2" MoveTime="3" />
      <Note ID="66" note_type="PinballSingle" Bar="18" Pos="8" Son="" EndArea="3|4" MoveTime="3" />
      <Note ID="67" note_type="PinballSingle" Bar="18" Pos="16" Son="" EndArea="1|2" MoveTime="3" />
      <Note ID="68" note_type="PinballSingle" Bar="18" Pos="24" Son="" EndArea="3|4" MoveTime="3" />
      <Note ID="69" note_type="PinballLong" Bar="18" Pos="32" EndBar="19" EndPos="0" Son="" EndArea="3|4" MoveTime="3" />
      <Note ID="70" note_type="PinballSlip" Bar="19" Pos="0" Son="" EndArea="1|2" MoveTime="3" />
      <Note ID="71" note_type="PinballSlip" Bar="19" Pos="16" Son="77" EndArea="3|4" MoveTime="3" />
      <Note ID="72" note_type="PinballSeries" Bar="19" Pos="32" Son="73" EndArea="1|2" MoveTime="3" />
      <Note ID="73" note_type="PinballSeries" Bar="19" Pos="40" Son="" EndArea="1|2" MoveTime="3" />
      <Note ID="74" note_type="PinballSeries" Bar="19" Pos="48" Son="75" EndArea="3|4" MoveTime="3" />
      <Note ID="75" note_type="PinballSeries" Bar="19" Pos="56" Son="" EndArea="3|4" MoveTime="3" />
      <Note ID="76" note_type="PinballLong" Bar="20" Pos="0" EndBar="20" EndPos="32" Son="" EndArea="1|2" MoveTime="3" />
      <Note ID="77" note_type="PinballSlip" Bar="20" Pos="48" Son="" EndArea="3|4" MoveTime="3" />
      <Note ID="78" note_type="PinballSingle" Bar="20" Pos="56" Son="" EndArea="3|4" MoveTime="3" />
      <Note ID="79" note_type="PinballLong" Bar="21" Pos="0" EndBar="21" EndPos="16" Son="" EndArea="3|4" MoveTime="3" />
      <Note ID="80" note_type="PinballSingle" Bar="21" Pos="16" Son="" EndArea="1|2" MoveTime="3" />
      <Note ID="81" note_type="PinballSingle" Bar="21" Pos="32" Son="" EndArea="1|2" MoveTime="3" />
      <Note ID="82" note_type="PinballSingle" Bar="21" Pos="40" Son="" EndArea="1|2" MoveTime="3" />
      <Note ID="83" note_type="PinballSingle" Bar="21" Pos="48" Son="" EndArea="3|4" MoveTime="3" />
      <Note ID="84" note_type="PinballLong" Bar="22" Pos="0" EndBar="22" EndPos="24" Son="" EndArea="1|2" MoveTime="3" />
      <Note ID="85" note_type="PinballLong" Bar="22" Pos="32" EndBar="22" EndPos="56" Son="" EndArea="3|4" MoveTime="3" />
      <Note ID="86" note_type="PinballSlip" Bar="23" Pos="0" Son="93" EndArea="1|2" MoveTime="3" />
      <Note ID="87" note_type="PinballSingle" Bar="23" Pos="16" Son="" EndArea="3|4" MoveTime="3" />
      <Note ID="88" note_type="PinballSingle" Bar="23" Pos="32" Son="" EndArea="1" MoveTime="3" />
      <Note ID="89" note_type="PinballSingle" Bar="23" Pos="40" Son="" EndArea="1|2" MoveTime="3" />
      <Note ID="90" note_type="PinballSingle" Bar="23" Pos="48" Son="" EndArea="3" MoveTime="3" />
      <Note ID="91" note_type="PinballLong" Bar="24" Pos="0" EndBar="24" EndPos="40" Son="" EndArea="3|4" MoveTime="3" />
      <Note ID="92" note_type="PinballSingle" Bar="24" Pos="16" Son="" EndArea="1" MoveTime="3" />
      <Note ID="93" note_type="PinballSlip" Bar="24" Pos="48" Son="" EndArea="1|2" MoveTime="3" />
      <Note ID="94" note_type="PinballSingle" Bar="25" Pos="0" Son="" EndArea="1|2" MoveTime="3" />
      <Note ID="95" note_type="PinballSlip" Bar="25" Pos="16" Son="103" EndArea="3" MoveTime="3" />
      <Note ID="96" note_type="PinballSingle" Bar="25" Pos="32" Son="" EndArea="1|2" MoveTime="3" />
      <Note ID="97" note_type="PinballSeries" Bar="25" Pos="40" Son="98" EndArea="3|4" MoveTime="3" />
      <Note ID="98" note_type="PinballSeries" Bar="25" Pos="48" Son="" EndArea="3|4" MoveTime="3" />
      <Note ID="99" note_type="PinballLong" Bar="26" Pos="0" EndBar="26" EndPos="24" Son="" EndArea="1|2" MoveTime="3" />
      <Note ID="100" note_type="PinballSlip" Bar="26" Pos="16" Son="108" EndArea="3" MoveTime="3" />
      <Note ID="101" note_type="PinballSingle" Bar="26" Pos="32" Son="" EndArea="3" MoveTime="3" />
      <Note ID="102" note_type="PinballSingle" Bar="26" Pos="40" Son="" EndArea="1|2" MoveTime="3" />
      <Note ID="103" note_type="PinballSlip" Bar="26" Pos="48" Son="" EndArea="1" MoveTime="3" />
      <Note ID="104" note_type="PinballLong" Bar="27" Pos="0" EndBar="27" EndPos="24" Son="" EndArea="3|4" MoveTime="3" />
      <Note ID="105" note_type="PinballSingle" Bar="27" Pos="16" Son="" EndArea="1" MoveTime="3" />
      <Note ID="106" note_type="PinballSeries" Bar="27" Pos="32" Son="107" EndArea="1|2" MoveTime="3" />
      <Note ID="107" note_type="PinballSeries" Bar="27" Pos="40" Son="" EndArea="1|2" MoveTime="3" />
      <Note ID="108" note_type="PinballSlip" Bar="27" Pos="48" Son="" EndArea="3" MoveTime="3" />
      <Note ID="109" note_type="PinballLong" Bar="28" Pos="0" EndBar="28" EndPos="48" Son="" EndArea="1|2" MoveTime="3" />
      <Note ID="110" note_type="PinballSlip" Bar="29" Pos="0" Son="118" EndArea="3|4" MoveTime="3" />
      <Note ID="111" note_type="PinballSingle" Bar="29" Pos="16" Son="" EndArea="3|4" MoveTime="3" />
      <Note ID="112" note_type="PinballSingle" Bar="29" Pos="32" Son="" EndArea="1|2" MoveTime="3" />
      <Note ID="113" note_type="PinballSingle" Bar="29" Pos="40" Son="" EndArea="1|2" MoveTime="3" />
      <Note ID="114" note_type="PinballSingle" Bar="29" Pos="48" Son="" EndArea="3|4" MoveTime="3" />
      <Note ID="115" note_type="PinballLong" Bar="30" Pos="0" EndBar="30" EndPos="24" Son="" EndArea="1|2" MoveTime="3" />
      <Note ID="116" note_type="PinballSingle" Bar="30" Pos="16" Son="" EndArea="3|4" MoveTime="3" />
      <Note ID="117" note_type="PinballSingle" Bar="30" Pos="32" Son="" EndArea="3|4" MoveTime="3" />
      <Note ID="118" note_type="PinballSlip" Bar="30" Pos="40" Son="" EndArea="3|4" MoveTime="3" />
      <Note ID="119" note_type="PinballSingle" Bar="30" Pos="48" Son="" EndArea="1|2" MoveTime="3" />
      <Note ID="120" note_type="PinballSingle" Bar="31" Pos="0" Son="" EndArea="3|4" MoveTime="3" />
      <Note ID="121" note_type="PinballSingle" Bar="31" Pos="16" Son="" EndArea="1|2" MoveTime="3" />
      <Note ID="122" note_type="PinballSingle" Bar="31" Pos="32" Son="" EndArea="3|4" MoveTime="3" />
      <Note ID="123" note_type="PinballSlip" Bar="31" Pos="40" Son="126" EndArea="3|4" MoveTime="3" />
      <Note ID="124" note_type="PinballSingle" Bar="31" Pos="48" Son="" EndArea="3" MoveTime="3" />
      <Note ID="125" note_type="PinballLong" Bar="32" Pos="0" EndBar="32" EndPos="40" Son="" EndArea="1|2" MoveTime="3" />
      <Note ID="126" note_type="PinballSlip" Bar="33" Pos="0" Son="" EndArea="3|4" MoveTime="3" />
      <Note ID="127" note_type="PinballSingle" Bar="33" Pos="16" Son="" EndArea="3|4" MoveTime="3" />
      <Note ID="128" note_type="PinballSeries" Bar="33" Pos="32" Son="129" EndArea="1|2" MoveTime="3" />
      <Note ID="129" note_type="PinballSeries" Bar="33" Pos="40" Son="130" EndArea="1|2" MoveTime="3" />
      <Note ID="130" note_type="PinballSeries" Bar="33" Pos="48" Son="" EndArea="1|2" MoveTime="3" />
      <Note ID="131" note_type="PinballSingle" Bar="34" Pos="0" Son="" EndArea="1" MoveTime="3" />
      <Note ID="132" note_type="PinballSlip" Bar="34" Pos="16" Son="142" EndArea="3|4" MoveTime="3" />
      <Note ID="133" note_type="PinballSeries" Bar="34" Pos="32" Son="134" EndArea="3" MoveTime="3" />
      <Note ID="134" note_type="PinballSeries" Bar="34" Pos="40" Son="135" EndArea="3|4" MoveTime="3" />
      <Note ID="135" note_type="PinballSeries" Bar="34" Pos="48" Son="" EndArea="3" MoveTime="3" />
      <Note ID="136" note_type="PinballSingle" Bar="35" Pos="0" Son="" EndArea="1" MoveTime="3" />
      <Note ID="137" note_type="PinballSingle" Bar="35" Pos="8" Son="" EndArea="3|4" MoveTime="3" />
      <Note ID="138" note_type="PinballSingle" Bar="35" Pos="16" Son="" EndArea="1|2" MoveTime="3" />
      <Note ID="139" note_type="PinballSingle" Bar="35" Pos="24" Son="" EndArea="3|4" MoveTime="3" />
      <Note ID="140" note_type="PinballSingle" Bar="35" Pos="32" Son="" EndArea="1|2" MoveTime="3" />
      <Note ID="141" note_type="PinballSingle" Bar="35" Pos="40" Son="" EndArea="3|4" MoveTime="3" />
      <Note ID="142" note_type="PinballSlip" Bar="35" Pos="48" Son="" EndArea="1|2" MoveTime="3" />
      <Note ID="143" note_type="PinballLong" Bar="35" Pos="56" EndBar="36" EndPos="48" Son="" EndArea="3|4" MoveTime="3" />
      <Note ID="144" note_type="PinballLong" Bar="37" Pos="0" EndBar="37" EndPos="48" Son="" EndArea="1|2" MoveTime="3" />
      <Note ID="145" note_type="PinballLong" Bar="37" Pos="0" EndBar="37" EndPos="48" Son="" EndArea="3|4" MoveTime="3" />
      <Note ID="146" note_type="PinballSlip" Bar="38" Pos="0" Son="159" EndArea="3|4" MoveTime="3" />
      <Note ID="147" note_type="PinballSlip" Bar="38" Pos="0" Son="158" EndArea="1|2" MoveTime="3" />
      <Note ID="148" note_type="PinballSingle" Bar="38" Pos="16" Son="" EndArea="3|4" MoveTime="3" />
      <Note ID="149" note_type="PinballSingle" Bar="38" Pos="24" Son="" EndArea="3|4" MoveTime="3" />
      <Note ID="150" note_type="PinballSingle" Bar="38" Pos="32" Son="" EndArea="1|2" MoveTime="3" />
      <Note ID="151" note_type="PinballSingle" Bar="38" Pos="40" Son="" EndArea="3|4" MoveTime="3" />
      <Note ID="152" note_type="PinballSingle" Bar="38" Pos="48" Son="" EndArea="1|2" MoveTime="3" />
      <Note ID="153" note_type="PinballSingle" Bar="38" Pos="56" Son="" EndArea="3|4" MoveTime="3" />
      <Note ID="154" note_type="PinballSingle" Bar="39" Pos="0" Son="" EndArea="1|2" MoveTime="3" />
      <Note ID="155" note_type="PinballSingle" Bar="39" Pos="0" Son="" EndArea="3|4" MoveTime="3" />
      <Note ID="156" note_type="PinballSlip" Bar="39" Pos="16" Son="166" EndArea="3|4" MoveTime="3" />
      <Note ID="157" note_type="PinballSlip" Bar="39" Pos="16" Son="165" EndArea="1|2" MoveTime="3" />
      <Note ID="158" note_type="PinballSlip" Bar="39" Pos="32" Son="" EndArea="3|4" MoveTime="3" />
      <Note ID="159" note_type="PinballSlip" Bar="39" Pos="32" Son="" EndArea="1|2" MoveTime="3" />
      <Note ID="160" note_type="PinballSlip" Bar="40" Pos="0" Son="169" EndArea="3|4" MoveTime="3" />
      <Note ID="161" note_type="PinballSlip" Bar="40" Pos="0" Son="170" EndArea="1|2" MoveTime="3" />
      <Note ID="162" note_type="PinballSeries" Bar="40" Pos="16" Son="163" EndArea="1|2" MoveTime="3" />
      <Note ID="163" note_type="PinballSeries" Bar="40" Pos="24" Son="164" EndArea="1|2" MoveTime="3" />
      <Note ID="164" note_type="PinballSeries" Bar="40" Pos="32" Son="" EndArea="1|2" MoveTime="3" />
      <Note ID="165" note_type="PinballSlip" Bar="40" Pos="48" Son="" EndArea="3|4" MoveTime="3" />
      <Note ID="166" note_type="PinballSlip" Bar="40" Pos="56" Son="" EndArea="3|4" MoveTime="3" />
      <Note ID="167" note_type="PinballLong" Bar="41" Pos="0" EndBar="41" EndPos="48" Son="" EndArea="3|4" MoveTime="3" />
      <Note ID="168" note_type="PinballLong" Bar="41" Pos="0" EndBar="41" EndPos="48" Son="" EndArea="1|2" MoveTime="3" />
      <Note ID="169" note_type="PinballSlip" Bar="42" Pos="0" Son="" EndArea="3|4" MoveTime="3" />
      <Note ID="170" note_type="PinballSlip" Bar="42" Pos="0" Son="" EndArea="1|2" MoveTime="3" />
      <Note ID="171" note_type="PinballSeries" Bar="42" Pos="16" Son="172" EndArea="3|4" MoveTime="3" />
      <Note ID="172" note_type="PinballSeries" Bar="42" Pos="24" Son="173" EndArea="3|4" MoveTime="3" />
      <Note ID="173" note_type="PinballSeries" Bar="42" Pos="32" Son="" EndArea="3|4" MoveTime="3" />
      <Note ID="174" note_type="PinballSeries" Bar="42" Pos="48" Son="175" EndArea="1|2" MoveTime="3" />
      <Note ID="175" note_type="PinballSeries" Bar="42" Pos="56" Son="" EndArea="1|2" MoveTime="3" />
      <Note ID="176" note_type="PinballSeries" Bar="43" Pos="0" Son="177" EndArea="3|4" MoveTime="3" />
      <Note ID="177" note_type="PinballSeries" Bar="43" Pos="8" Son="" EndArea="3|4" MoveTime="3" />
      <Note ID="178" note_type="PinballSeries" Bar="43" Pos="16" Son="179" EndArea="1|2" MoveTime="3" />
      <Note ID="179" note_type="PinballSeries" Bar="43" Pos="24" Son="" EndArea="1|2" MoveTime="3" />
      <Note ID="180" note_type="PinballLong" Bar="43" Pos="32" EndBar="43" EndPos="48" Son="" EndArea="3|4" MoveTime="3" />
      <Note ID="181" note_type="PinballSingle" Bar="44" Pos="0" Son="" EndArea="1|2" MoveTime="3" />
      <Note ID="182" note_type="PinballSingle" Bar="44" Pos="0" Son="" EndArea="3|4" MoveTime="3" />
      <Note ID="183" note_type="PinballSlip" Bar="44" Pos="16" Son="191" EndArea="3|4" MoveTime="3" />
      <Note ID="184" note_type="PinballSlip" Bar="44" Pos="16" Son="192" EndArea="1|2" MoveTime="3" />
      <Note ID="185" note_type="PinballSingle" Bar="44" Pos="32" Son="" EndArea="1|2" MoveTime="3" />
      <Note ID="186" note_type="PinballSingle" Bar="44" Pos="40" Son="" EndArea="3|4" MoveTime="3" />
      <Note ID="187" note_type="PinballSingle" Bar="44" Pos="48" Son="" EndArea="3|4" MoveTime="3" />
      <Note ID="188" note_type="PinballSingle" Bar="44" Pos="56" Son="" EndArea="1|2" MoveTime="3" />
      <Note ID="189" note_type="PinballLong" Bar="45" Pos="0" EndBar="45" EndPos="32" Son="" EndArea="1|2" MoveTime="3" />
      <Note ID="190" note_type="PinballSingle" Bar="45" Pos="32" Son="" EndArea="3|4" MoveTime="3" />
      <Note ID="191" note_type="PinballSlip" Bar="45" Pos="40" Son="" EndArea="3|4" MoveTime="3" />
      <Note ID="192" note_type="PinballSlip" Bar="45" Pos="48" Son="" EndArea="3|4" MoveTime="3" />
      <Note ID="193" note_type="PinballSingle" Bar="46" Pos="0" Son="" EndArea="3|4" MoveTime="3" />
      <Note ID="194" note_type="PinballSingle" Bar="52" Pos="0" Son="" EndArea="1|2" MoveTime="3" />
      <Note ID="195" note_type="PinballSeries" Bar="52" Pos="16" Son="196" EndArea="3|4" MoveTime="3" />
      <Note ID="196" note_type="PinballSeries" Bar="52" Pos="24" Son="197" EndArea="3|4" MoveTime="3" />
      <Note ID="197" note_type="PinballSeries" Bar="52" Pos="32" Son="" EndArea="3|4" MoveTime="3" />
      <Note ID="198" note_type="PinballSeries" Bar="52" Pos="48" Son="199" EndArea="1|2" MoveTime="3" />
      <Note ID="199" note_type="PinballSeries" Bar="52" Pos="56" Son="" EndArea="1|2" MoveTime="3" />
      <Note ID="200" note_type="PinballLong" Bar="53" Pos="0" EndBar="53" EndPos="48" Son="" EndArea="1|2" MoveTime="3" />
      <Note ID="201" note_type="PinballLong" Bar="53" Pos="0" EndBar="53" EndPos="48" Son="" EndArea="3|4" MoveTime="3" />
      <Note ID="202" note_type="PinballSlip" Bar="54" Pos="0" Son="210" EndArea="3|4" MoveTime="3" />
      <Note ID="203" note_type="PinballSeries" Bar="54" Pos="16" Son="204" EndArea="1|2" MoveTime="3" />
      <Note ID="204" note_type="PinballSeries" Bar="54" Pos="24" Son="" EndArea="1|2" MoveTime="3" />
      <Note ID="205" note_type="PinballSeries" Bar="54" Pos="32" Son="206" EndArea="3|4" MoveTime="3" />
      <Note ID="206" note_type="PinballSeries" Bar="54" Pos="40" Son="" EndArea="3|4" MoveTime="3" />
      <Note ID="207" note_type="PinballSeries" Bar="54" Pos="48" Son="208" EndArea="1|2" MoveTime="3" />
      <Note ID="208" note_type="PinballSeries" Bar="54" Pos="56" Son="" EndArea="1|2" MoveTime="3" />
      <Note ID="209" note_type="PinballSingle" Bar="55" Pos="0" Son="" EndArea="3|4" MoveTime="3" />
      <Note ID="210" note_type="PinballSlip" Bar="55" Pos="16" Son="" EndArea="1|2" MoveTime="3" />
      <Note ID="211" note_type="PinballLong" Bar="55" Pos="32" EndBar="55" EndPos="48" Son="" EndArea="3|4" MoveTime="3" />
      <Note ID="212" note_type="PinballSlip" Bar="56" Pos="0" Son="219" EndArea="1|2" MoveTime="3" />
      <Note ID="213" note_type="PinballSeries" Bar="56" Pos="16" Son="214" EndArea="3|4" MoveTime="3" />
      <Note ID="214" note_type="PinballSeries" Bar="56" Pos="24" Son="215" EndArea="3|4" MoveTime="3" />
      <Note ID="215" note_type="PinballSeries" Bar="56" Pos="32" Son="" EndArea="3|4" MoveTime="3" />
      <Note ID="216" note_type="PinballSingle" Bar="56" Pos="48" Son="" EndArea="1|2" MoveTime="3" />
      <Note ID="217" note_type="PinballSingle" Bar="56" Pos="56" Son="" EndArea="1|2" MoveTime="3" />
      <Note ID="218" note_type="PinballLong" Bar="57" Pos="0" EndBar="57" EndPos="48" Son="" EndArea="1|2" MoveTime="3" />
      <Note ID="219" note_type="PinballSlip" Bar="58" Pos="0" Son="" EndArea="1|2" MoveTime="3" />
      <Note ID="220" note_type="PinballSeries" Bar="58" Pos="16" Son="221" EndArea="1|2" MoveTime="3" />
      <Note ID="221" note_type="PinballSeries" Bar="58" Pos="24" Son="222" EndArea="1|2" MoveTime="3" />
      <Note ID="222" note_type="PinballSeries" Bar="58" Pos="32" Son="" EndArea="1|2" MoveTime="3" />
      <Note ID="223" note_type="PinballSeries" Bar="58" Pos="48" Son="224" EndArea="3|4" MoveTime="3" />
      <Note ID="224" note_type="PinballSeries" Bar="58" Pos="56" Son="" EndArea="3|4" MoveTime="3" />
      <Note ID="225" note_type="PinballSeries" Bar="59" Pos="0" Son="226" EndArea="1|2" MoveTime="3" />
      <Note ID="226" note_type="PinballSeries" Bar="59" Pos="8" Son="" EndArea="1|2" MoveTime="3" />
      <Note ID="227" note_type="PinballSingle" Bar="59" Pos="16" Son="" EndArea="3|4" MoveTime="3" />
      <Note ID="228" note_type="PinballSingle" Bar="59" Pos="24" Son="" EndArea="1|2" MoveTime="3" />
      <Note ID="229" note_type="PinballLong" Bar="59" Pos="32" EndBar="59" EndPos="48" Son="" EndArea="3|4" MoveTime="3" />
      <Note ID="230" note_type="PinballSlip" Bar="60" Pos="0" Son="237" EndArea="1|2" MoveTime="3" />
      <Note ID="231" note_type="PinballSlip" Bar="60" Pos="16" Son="238" EndArea="3|4" MoveTime="3" />
      <Note ID="232" note_type="PinballSingle" Bar="60" Pos="32" Son="" EndArea="1|2" MoveTime="3" />
      <Note ID="233" note_type="PinballSingle" Bar="60" Pos="40" Son="" EndArea="3|4" MoveTime="3" />
      <Note ID="234" note_type="PinballSingle" Bar="60" Pos="48" Son="" EndArea="1|2" MoveTime="3" />
      <Note ID="235" note_type="PinballSingle" Bar="60" Pos="56" Son="" EndArea="3|4" MoveTime="3" />
      <Note ID="236" note_type="PinballLong" Bar="61" Pos="0" EndBar="61" EndPos="32" Son="" EndArea="1|2" MoveTime="3" />
      <Note ID="237" note_type="PinballSlip" Bar="61" Pos="48" Son="" EndArea="3|4" MoveTime="3" />
      <Note ID="238" note_type="PinballSlip" Bar="61" Pos="56" Son="" EndArea="3|4" MoveTime="3" />
      <Note ID="239" note_type="PinballSingle" Bar="62" Pos="0" Son="" EndArea="3|4" MoveTime="3" />
      <Note ID="240" note_type="PinballSingle" Bar="62" Pos="16" Son="" EndArea="1|2" MoveTime="3" />
      <Note ID="241" note_type="PinballSingle" Bar="62" Pos="32" Son="" EndArea="1|2" MoveTime="3" />
      <Note ID="242" note_type="PinballSingle" Bar="62" Pos="40" Son="" EndArea="3|4" MoveTime="3" />
      <Note ID="243" note_type="PinballSingle" Bar="62" Pos="48" Son="" EndArea="3|4" MoveTime="3" />
      <Note ID="244" note_type="PinballLong" Bar="63" Pos="0" EndBar="63" EndPos="24" Son="" EndArea="1|2" MoveTime="3" />
      <Note ID="245" note_type="PinballSingle" Bar="63" Pos="16" Son="" EndArea="3|4" MoveTime="3" />
      <Note ID="246" note_type="PinballSeries" Bar="63" Pos="32" Son="247" EndArea="3" MoveTime="3" />
      <Note ID="247" note_type="PinballSeries" Bar="63" Pos="40" Son="248" EndArea="3" MoveTime="3" />
      <Note ID="248" note_type="PinballSeries" Bar="63" Pos="48" Son="" EndArea="3|4" MoveTime="3" />
      <Note ID="249" note_type="PinballSlip" Bar="64" Pos="0" Son="256" EndArea="3|4" MoveTime="3" />
      <Note ID="250" note_type="PinballSingle" Bar="64" Pos="16" Son="" EndArea="1|2" MoveTime="3" />
      <Note ID="251" note_type="PinballSlip" Bar="64" Pos="32" Son="258" EndArea="1|2" MoveTime="3" />
      <Note ID="252" note_type="PinballSingle" Bar="64" Pos="40" Son="" EndArea="3|4" MoveTime="3" />
      <Note ID="253" note_type="PinballSingle" Bar="64" Pos="48" Son="" EndArea="1" MoveTime="3" />
      <Note ID="254" note_type="PinballLong" Bar="65" Pos="0" EndBar="65" EndPos="40" Son="" EndArea="3|4" MoveTime="3" />
      <Note ID="255" note_type="PinballSingle" Bar="65" Pos="16" Son="" EndArea="1" MoveTime="3" />
      <Note ID="256" note_type="PinballSlip" Bar="65" Pos="32" Son="" EndArea="1|2" MoveTime="3" />
      <Note ID="257" note_type="PinballSingle" Bar="65" Pos="40" Son="" EndArea="1|2" MoveTime="3" />
      <Note ID="258" note_type="PinballSlip" Bar="65" Pos="48" Son="" EndArea="1|2" MoveTime="3" />
      <Note ID="259" note_type="PinballSingle" Bar="66" Pos="0" Son="" EndArea="1" MoveTime="3" />
      <Note ID="260" note_type="PinballSingle" Bar="66" Pos="16" Son="" EndArea="3|4" MoveTime="3" />
      <Note ID="261" note_type="PinballSingle" Bar="66" Pos="32" Son="" EndArea="3|4" MoveTime="3" />
      <Note ID="262" note_type="PinballSingle" Bar="66" Pos="40" Son="" EndArea="1|2" MoveTime="3" />
      <Note ID="263" note_type="PinballSingle" Bar="66" Pos="48" Son="" EndArea="3|4" MoveTime="3" />
      <Note ID="264" note_type="PinballSlip" Bar="67" Pos="0" Son="271" EndArea="1|2" MoveTime="3" />
      <Note ID="265" note_type="PinballSingle" Bar="67" Pos="16" Son="" EndArea="3" MoveTime="3" />
      <Note ID="266" note_type="PinballSingle" Bar="67" Pos="32" Son="" EndArea="1|2" MoveTime="3" />
      <Note ID="267" note_type="PinballSingle" Bar="67" Pos="40" Son="" EndArea="3|4" MoveTime="3" />
      <Note ID="268" note_type="PinballSingle" Bar="67" Pos="48" Son="" EndArea="3|4" MoveTime="3" />
      <Note ID="269" note_type="PinballLong" Bar="68" Pos="0" EndBar="68" EndPos="24" Son="" EndArea="1|2" MoveTime="3" />
      <Note ID="270" note_type="PinballSingle" Bar="68" Pos="16" Son="" EndArea="3|4" MoveTime="3" />
      <Note ID="271" note_type="PinballSlip" Bar="68" Pos="32" Son="" EndArea="3|4" MoveTime="3" />
      <Note ID="272" note_type="PinballSingle" Bar="68" Pos="40" Son="" EndArea="1|2" MoveTime="3" />
      <Note ID="273" note_type="PinballSlip" Bar="68" Pos="48" Son="278" EndArea="3|4" MoveTime="3" />
      <Note ID="274" note_type="PinballSlip" Bar="69" Pos="0" Son="279" EndArea="1|2" MoveTime="3" />
      <Note ID="275" note_type="PinballSlip" Bar="69" Pos="16" Son="281" EndArea="3|4" MoveTime="3" />
      <Note ID="276" note_type="PinballSingle" Bar="69" Pos="32" Son="" EndArea="3" MoveTime="3" />
      <Note ID="277" note_type="PinballSingle" Bar="69" Pos="32" Son="" EndArea="1" MoveTime="3" />
      <Note ID="278" note_type="PinballSlip" Bar="70" Pos="0" Son="" EndArea="1|2" MoveTime="3" />
      <Note ID="279" note_type="PinballSlip" Bar="70" Pos="16" Son="" EndArea="3|4" MoveTime="3" />
      <Note ID="280" note_type="PinballSingle" Bar="70" Pos="32" Son="" EndArea="3|4" MoveTime="3" />
      <Note ID="281" note_type="PinballSlip" Bar="70" Pos="40" Son="" EndArea="3|4" MoveTime="3" />
      <Note ID="282" note_type="PinballSingle" Bar="70" Pos="48" Son="" EndArea="3|4" MoveTime="3" />
      <Note ID="283" note_type="PinballLong" Bar="71" Pos="0" EndBar="71" EndPos="24" Son="" EndArea="1|2" MoveTime="3" />
      <Note ID="284" note_type="PinballSingle" Bar="71" Pos="16" Son="" EndArea="3|4" MoveTime="3" />
      <Note ID="285" note_type="PinballSingle" Bar="71" Pos="32" Son="" EndArea="3" MoveTime="3" />
      <Note ID="286" note_type="PinballSingle" Bar="71" Pos="40" Son="" EndArea="3|4" MoveTime="3" />
      <Note ID="287" note_type="PinballSingle" Bar="71" Pos="48" Son="" EndArea="3|4" MoveTime="3" />
      <Note ID="288" note_type="PinballSingle" Bar="72" Pos="0" Son="" EndArea="3|4" MoveTime="3" />
      <Note ID="289" note_type="PinballSingle" Bar="72" Pos="16" Son="" EndArea="3|4" MoveTime="3" />
      <Note ID="290" note_type="PinballSingle" Bar="72" Pos="32" Son="" EndArea="1|2" MoveTime="3" />
      <Note ID="291" note_type="PinballSlip" Bar="72" Pos="40" Son="295" EndArea="3|4" MoveTime="3" />
      <Note ID="292" note_type="PinballSingle" Bar="72" Pos="48" Son="" EndArea="1" MoveTime="3" />
      <Note ID="293" note_type="PinballLong" Bar="73" Pos="0" EndBar="73" EndPos="56" Son="" EndArea="1|2" MoveTime="3" />
      <Note ID="294" note_type="PinballLong" Bar="73" Pos="0" EndBar="73" EndPos="56" Son="" EndArea="3|4" MoveTime="3" />
      <Note ID="295" note_type="PinballSlip" Bar="74" Pos="0" Son="" EndArea="3|4" MoveTime="3" />
      <Note ID="296" note_type="PinballSeries" Bar="74" Pos="8" Son="297" EndArea="3|4" MoveTime="3" />
      <Note ID="297" note_type="PinballSeries" Bar="74" Pos="16" Son="" EndArea="3|4" MoveTime="3" />
      <Note ID="298" note_type="PinballSeries" Bar="74" Pos="32" Son="299" EndArea="1|2" MoveTime="3" />
      <Note ID="299" note_type="PinballSeries" Bar="74" Pos="40" Son="300" EndArea="1|2" MoveTime="3" />
      <Note ID="300" note_type="PinballSeries" Bar="74" Pos="48" Son="" EndArea="1|2" MoveTime="3" />
      <Note ID="301" note_type="PinballSeries" Bar="75" Pos="0" Son="302" EndArea="3|4" MoveTime="3" />
      <Note ID="302" note_type="PinballSeries" Bar="75" Pos="8" Son="303" EndArea="3|4" MoveTime="3" />
      <Note ID="303" note_type="PinballSeries" Bar="75" Pos="16" Son="" EndArea="3|4" MoveTime="3" />
      <Note ID="304" note_type="PinballSeries" Bar="75" Pos="32" Son="305" EndArea="1" MoveTime="3" />
      <Note ID="305" note_type="PinballSeries" Bar="75" Pos="40" Son="306" EndArea="1" MoveTime="3" />
      <Note ID="306" note_type="PinballSeries" Bar="75" Pos="48" Son="" EndArea="1" MoveTime="3" />
      <Note ID="307" note_type="PinballSingle" Bar="76" Pos="0" Son="" EndArea="1" MoveTime="3" />
      <Note ID="308" note_type="PinballSingle" Bar="76" Pos="16" Son="" EndArea="1|2" MoveTime="3" />
      <Note ID="309" note_type="PinballSingle" Bar="76" Pos="32" Son="" EndArea="3" MoveTime="3" />
      <Note ID="310" note_type="PinballSingle" Bar="76" Pos="40" Son="" EndArea="1|2" MoveTime="3" />
      <Note ID="311" note_type="PinballSingle" Bar="76" Pos="48" Son="" EndArea="3|4" MoveTime="3" />
      <Note ID="312" note_type="PinballSingle" Bar="76" Pos="56" Son="" EndArea="1" MoveTime="3" />
      <Note ID="313" note_type="PinballLong" Bar="77" Pos="0" EndBar="77" EndPos="48" Son="" EndArea="1|2" MoveTime="3" />
      <Note ID="314" note_type="PinballLong" Bar="78" Pos="0" EndBar="78" EndPos="48" Son="" EndArea="1|2" MoveTime="3" />
      <Note ID="315" note_type="PinballLong" Bar="78" Pos="0" EndBar="78" EndPos="48" Son="" EndArea="3|4" MoveTime="3" />
      <Note ID="316" note_type="PinballSlip" Bar="79" Pos="0" Son="327" EndArea="3|4" MoveTime="3" />
      <Note ID="317" note_type="PinballSlip" Bar="79" Pos="0" Son="326" EndArea="1|2" MoveTime="3" />
      <Note ID="318" note_type="PinballSingle" Bar="79" Pos="16" Son="" EndArea="1|2" MoveTime="3" />
      <Note ID="319" note_type="PinballSingle" Bar="79" Pos="24" Son="" EndArea="3|4" MoveTime="3" />
      <Note ID="320" note_type="PinballSingle" Bar="79" Pos="32" Son="" EndArea="1|2" MoveTime="3" />
      <Note ID="321" note_type="PinballSingle" Bar="79" Pos="40" Son="" EndArea="3|4" MoveTime="3" />
      <Note ID="322" note_type="PinballSingle" Bar="79" Pos="48" Son="" EndArea="1|2" MoveTime="3" />
      <Note ID="323" note_type="PinballSlip" Bar="79" Pos="56" Son="333" EndArea="3|4" MoveTime="3" />
      <Note ID="324" note_type="PinballSingle" Bar="80" Pos="0" Son="" EndArea="1|2" MoveTime="3" />
      <Note ID="325" note_type="PinballSingle" Bar="80" Pos="0" Son="" EndArea="3|4" MoveTime="3" />
      <Note ID="326" note_type="PinballSlip" Bar="80" Pos="16" Son="" EndArea="3|4" MoveTime="3" />
      <Note ID="327" note_type="PinballSlip" Bar="80" Pos="16" Son="" EndArea="1|2" MoveTime="3" />
      <Note ID="328" note_type="PinballSingle" Bar="80" Pos="32" Son="" EndArea="3|4" MoveTime="3" />
      <Note ID="329" note_type="PinballSingle" Bar="80" Pos="32" Son="" EndArea="1|2" MoveTime="3" />
      <Note ID="330" note_type="PinballSlip" Bar="81" Pos="0" Son="339" EndArea="3|4" MoveTime="3" />
      <Note ID="331" note_type="PinballSlip" Bar="81" Pos="0" Son="340" EndArea="1|2" MoveTime="3" />
      <Note ID="332" note_type="PinballSingle" Bar="81" Pos="16" Son="" EndArea="3|4" MoveTime="3" />
      <Note ID="333" note_type="PinballSlip" Bar="81" Pos="24" Son="" EndArea="1|2" MoveTime="3" />
      <Note ID="334" note_type="PinballSingle" Bar="81" Pos="32" Son="" EndArea="1|2" MoveTime="3" />
      <Note ID="335" note_type="PinballSingle" Bar="81" Pos="48" Son="" EndArea="1|2" MoveTime="3" />
      <Note ID="336" note_type="PinballSingle" Bar="81" Pos="56" Son="" EndArea="3|4" MoveTime="3" />
      <Note ID="337" note_type="PinballLong" Bar="82" Pos="0" EndBar="82" EndPos="48" Son="" EndArea="3|4" MoveTime="3" />
      <Note ID="338" note_type="PinballLong" Bar="82" Pos="0" EndBar="82" EndPos="48" Son="" EndArea="1|2" MoveTime="3" />
      <Note ID="339" note_type="PinballSlip" Bar="83" Pos="0" Son="" EndArea="3|4" MoveTime="3" />
      <Note ID="340" note_type="PinballSlip" Bar="83" Pos="0" Son="" EndArea="1|2" MoveTime="3" />
      <Note ID="341" note_type="PinballSingle" Bar="83" Pos="16" Son="" EndArea="1|2" MoveTime="3" />
      <Note ID="342" note_type="PinballSingle" Bar="83" Pos="24" Son="" EndArea="3|4" MoveTime="3" />
      <Note ID="343" note_type="PinballSingle" Bar="83" Pos="32" Son="" EndArea="3|4" MoveTime="3" />
      <Note ID="344" note_type="PinballSingle" Bar="83" Pos="48" Son="" EndArea="3|4" MoveTime="3" />
      <Note ID="345" note_type="PinballSingle" Bar="83" Pos="56" Son="" EndArea="1|2" MoveTime="3" />
      <Note ID="346" note_type="PinballSingle" Bar="84" Pos="0" Son="" EndArea="1|2" MoveTime="3" />
      <Note ID="347" note_type="PinballSingle" Bar="84" Pos="8" Son="" EndArea="3|4" MoveTime="3" />
      <Note ID="348" note_type="PinballSingle" Bar="84" Pos="16" Son="" EndArea="1|2" MoveTime="3" />
      <Note ID="349" note_type="PinballSingle" Bar="84" Pos="24" Son="" EndArea="3|4" MoveTime="3" />
      <Note ID="350" note_type="PinballLong" Bar="84" Pos="32" EndBar="84" EndPos="48" Son="" EndArea="1|2" MoveTime="3" />
      <Note ID="351" note_type="PinballSingle" Bar="85" Pos="0" Son="" EndArea="1|2" MoveTime="3" />
      <Note ID="352" note_type="PinballSingle" Bar="85" Pos="0" Son="" EndArea="3|4" MoveTime="3" />
      <Note ID="353" note_type="PinballSlip" Bar="85" Pos="16" Son="360" EndArea="3|4" MoveTime="3" />
      <Note ID="354" note_type="PinballSlip" Bar="85" Pos="16" Son="361" EndArea="1|2" MoveTime="3" />
      <Note ID="355" note_type="PinballSeries" Bar="85" Pos="32" Son="356" EndArea="3|4" MoveTime="3" />
      <Note ID="356" note_type="PinballSeries" Bar="85" Pos="40" Son="" EndArea="3|4" MoveTime="3" />
      <Note ID="357" note_type="PinballSeries" Bar="85" Pos="48" Son="358" EndArea="1|2" MoveTime="3" />
      <Note ID="358" note_type="PinballSeries" Bar="85" Pos="56" Son="" EndArea="1|2" MoveTime="3" />
      <Note ID="359" note_type="PinballLong" Bar="86" Pos="0" EndBar="86" EndPos="48" Son="" EndArea="3|4" MoveTime="3" />
      <Note ID="360" note_type="PinballSlip" Bar="87" Pos="0" Son="" EndArea="1|2" MoveTime="3" />
      <Note ID="361" note_type="PinballSlip" Bar="87" Pos="0" Son="" EndArea="3|4" MoveTime="3" />
      <Note ID="362" note_type="PinballSingle" Bar="87" Pos="16" Son="" EndArea="1|2" MoveTime="3" />
      <Note ID="363" note_type="PinballSingle" Bar="87" Pos="24" Son="" EndArea="3|4" MoveTime="3" />
      <Note ID="364" note_type="PinballSingle" Bar="87" Pos="32" Son="" EndArea="1|2" MoveTime="3" />
      <Note ID="365" note_type="PinballSingle" Bar="87" Pos="40" Son="" EndArea="3|4" MoveTime="3" />
      <Note ID="366" note_type="PinballSingle" Bar="87" Pos="48" Son="" EndArea="1|2" MoveTime="3" />
      <Note ID="367" note_type="PinballSlip" Bar="87" Pos="56" Son="376" EndArea="3|4" MoveTime="3" />
      <Note ID="368" note_type="PinballSingle" Bar="88" Pos="0" Son="" EndArea="1|2" MoveTime="3" />
      <Note ID="369" note_type="PinballSingle" Bar="88" Pos="0" Son="" EndArea="3|4" MoveTime="3" />
      <Note ID="370" note_type="PinballSingle" Bar="88" Pos="16" Son="" EndArea="3|4" MoveTime="3" />
      <Note ID="371" note_type="PinballSingle" Bar="88" Pos="16" Son="" EndArea="1|2" MoveTime="3" />
      <Note ID="372" note_type="PinballSlip" Bar="88" Pos="32" Son="380" EndArea="3|4" MoveTime="3" />
      <Note ID="373" note_type="PinballSlip" Bar="88" Pos="32" Son="379" EndArea="1|2" MoveTime="3" />
      <Note ID="374" note_type="PinballSlip" Bar="89" Pos="0" Son="383" EndArea="3|4" MoveTime="3" />
      <Note ID="375" note_type="PinballSlip" Bar="89" Pos="0" Son="384" EndArea="1|2" MoveTime="3" />
      <Note ID="376" note_type="PinballSlip" Bar="89" Pos="16" Son="" EndArea="3|4" MoveTime="3" />
      <Note ID="377" note_type="PinballSeries" Bar="89" Pos="24" Son="378" EndArea="3|4" MoveTime="3" />
      <Note ID="378" note_type="PinballSeries" Bar="89" Pos="32" Son="" EndArea="3|4" MoveTime="3" />
      <Note ID="379" note_type="PinballSlip" Bar="89" Pos="48" Son="" EndArea="1|2" MoveTime="3" />
      <Note ID="380" note_type="PinballSlip" Bar="89" Pos="56" Son="" EndArea="1|2" MoveTime="3" />
      <Note ID="381" note_type="PinballLong" Bar="90" Pos="0" EndBar="90" EndPos="48" Son="" EndArea="1|2" MoveTime="3" />
      <Note ID="382" note_type="PinballLong" Bar="90" Pos="0" EndBar="90" EndPos="48" Son="" EndArea="3|4" MoveTime="3" />
      <Note ID="383" note_type="PinballSlip" Bar="91" Pos="0" Son="" EndArea="1|2" MoveTime="3" />
      <Note ID="384" note_type="PinballSlip" Bar="91" Pos="0" Son="" EndArea="3|4" MoveTime="3" />
      <Note ID="385" note_type="PinballSeries" Bar="91" Pos="16" Son="386" EndArea="1|2" MoveTime="3" />
      <Note ID="386" note_type="PinballSeries" Bar="91" Pos="24" Son="387" EndArea="1|2" MoveTime="3" />
      <Note ID="387" note_type="PinballSeries" Bar="91" Pos="32" Son="" EndArea="1|2" MoveTime="3" />
      <Note ID="388" note_type="PinballSingle" Bar="91" Pos="48" Son="" EndArea="3|4" MoveTime="3" />
      <Note ID="389" note_type="PinballSingle" Bar="91" Pos="56" Son="" EndArea="3|4" MoveTime="3" />
      <Note ID="390" note_type="PinballSingle" Bar="92" Pos="0" Son="" EndArea="1|2" MoveTime="3" />
      <Note ID="391" note_type="PinballSingle" Bar="92" Pos="8" Son="" EndArea="1|2" MoveTime="3" />
      <Note ID="392" note_type="PinballSingle" Bar="92" Pos="16" Son="" EndArea="3|4" MoveTime="3" />
      <Note ID="393" note_type="PinballSingle" Bar="92" Pos="24" Son="" EndArea="1|2" MoveTime="3" />
      <Note ID="394" note_type="PinballLong" Bar="92" Pos="32" EndBar="92" EndPos="48" Son="" EndArea="3|4" MoveTime="3" />
      <Note ID="395" note_type="PinballSlip" Bar="93" Pos="0" Son="410" EndArea="3|4" MoveTime="3" />
      <Note ID="396" note_type="PinballSlip" Bar="93" Pos="0" Son="409" EndArea="1|2" MoveTime="3" />
      <Note ID="397" note_type="PinballSingle" Bar="93" Pos="16" Son="" EndArea="1|2" MoveTime="3" />
      <Note ID="398" note_type="PinballSingle" Bar="93" Pos="16" Son="" EndArea="3|4" MoveTime="3" />
      <Note ID="399" note_type="PinballSingle" Bar="93" Pos="24" Son="" EndArea="1|2" MoveTime="3" />
      <Note ID="400" note_type="PinballSingle" Bar="93" Pos="24" Son="" EndArea="3|4" MoveTime="3" />
      <Note ID="401" note_type="PinballSingle" Bar="93" Pos="32" Son="" EndArea="1|2" MoveTime="3" />
      <Note ID="402" note_type="PinballSingle" Bar="93" Pos="32" Son="" EndArea="3|4" MoveTime="3" />
      <Note ID="403" note_type="PinballSlip" Bar="93" Pos="48" Son="412" EndArea="3|4" MoveTime="3" />
      <Note ID="404" note_type="PinballSlip" Bar="93" Pos="48" Son="411" EndArea="1|2" MoveTime="3" />
      <Note ID="405" note_type="PinballSingle" Bar="93" Pos="56" Son="" EndArea="1|2" MoveTime="3" />
      <Note ID="406" note_type="PinballSingle" Bar="93" Pos="56" Son="" EndArea="3|4" MoveTime="3" />
      <Note ID="407" note_type="PinballLong" Bar="94" Pos="0" EndBar="94" EndPos="48" Son="" EndArea="1|2" MoveTime="3" />
      <Note ID="408" note_type="PinballLong" Bar="94" Pos="0" EndBar="94" EndPos="48" Son="" EndArea="3|4" MoveTime="3" />
      <Note ID="409" note_type="PinballSlip" Bar="95" Pos="0" Son="" EndArea="3|4" MoveTime="3" />
      <Note ID="410" note_type="PinballSlip" Bar="95" Pos="0" Son="" EndArea="1|2" MoveTime="3" />
      <Note ID="411" note_type="PinballSlip" Bar="95" Pos="16" Son="" EndArea="1|2" MoveTime="3" />
      <Note ID="412" note_type="PinballSlip" Bar="95" Pos="24" Son="" EndArea="1|2" MoveTime="3" />
      <Note ID="413" note_type="PinballSeries" Bar="95" Pos="32" Son="414" EndArea="3|4" MoveTime="3" />
      <Note ID="414" note_type="PinballSeries" Bar="95" Pos="40" Son="" EndArea="3|4" MoveTime="3" />
      <Note ID="415" note_type="PinballSeries" Bar="95" Pos="48" Son="416" EndArea="1|2" MoveTime="3" />
      <Note ID="416" note_type="PinballSeries" Bar="95" Pos="56" Son="" EndArea="1|2" MoveTime="3" />
      <Note ID="417" note_type="PinballSlip" Bar="96" Pos="0" Son="426" EndArea="3|4" MoveTime="3" />
      <Note ID="418" note_type="PinballSlip" Bar="96" Pos="0" Son="425" EndArea="1|2" MoveTime="3" />
      <Note ID="419" note_type="PinballSingle" Bar="96" Pos="16" Son="" EndArea="3|4" MoveTime="3" />
      <Note ID="420" note_type="PinballSingle" Bar="96" Pos="16" Son="" EndArea="1|2" MoveTime="3" />
      <Note ID="421" note_type="PinballSingle" Bar="96" Pos="32" Son="" EndArea="3|4" MoveTime="3" />
      <Note ID="422" note_type="PinballSingle" Bar="96" Pos="32" Son="" EndArea="1|2" MoveTime="3" />
      <Note ID="423" note_type="PinballSingle" Bar="97" Pos="0" Son="" EndArea="1|2" MoveTime="3" />
      <Note ID="424" note_type="PinballSingle" Bar="97" Pos="16" Son="" EndArea="3|4" MoveTime="3" />
      <Note ID="425" note_type="PinballSlip" Bar="97" Pos="24" Son="" EndArea="3|4" MoveTime="3" />
      <Note ID="426" note_type="PinballSlip" Bar="97" Pos="32" Son="" EndArea="3|4" MoveTime="3" />
      <Note ID="427" note_type="PinballSingle" Bar="97" Pos="48" Son="" EndArea="1|2" MoveTime="3" />
      <Note ID="428" note_type="PinballSingle" Bar="97" Pos="56" Son="" EndArea="1|2" MoveTime="3" />
      <Note ID="429" note_type="PinballLong" Bar="98" Pos="0" EndBar="98" EndPos="48" Son="" EndArea="1|2" MoveTime="3" />
      <Note ID="430" note_type="PinballSingle" Bar="99" Pos="0" Son="" EndArea="3|4" MoveTime="3" />
      <Note ID="431" note_type="PinballSeries" Bar="99" Pos="16" Son="432" EndArea="1|2" MoveTime="3" />
      <Note ID="432" note_type="PinballSeries" Bar="99" Pos="24" Son="433" EndArea="1|2" MoveTime="3" />
      <Note ID="433" note_type="PinballSeries" Bar="99" Pos="32" Son="" EndArea="1|2" MoveTime="3" />
      <Note ID="434" note_type="PinballSeries" Bar="99" Pos="48" Son="435" EndArea="3|4" MoveTime="3" />
      <Note ID="435" note_type="PinballSeries" Bar="99" Pos="56" Son="436" EndArea="3|4" MoveTime="3" />
      <Note ID="436" note_type="PinballSeries" Bar="100" Pos="0" Son="" EndArea="3|4" MoveTime="3" />
    </Normal>
  </NoteInfo>
  <ActionSeq type="1">
    <ActionList start_bar="5" dance_len="1" seq_len="1" level="2" type="" />
    <ActionList start_bar="6" dance_len="2" seq_len="4" level="2" type="" />
    <ActionList start_bar="10" dance_len="2" seq_len="4" level="2" type="" />
    <ActionList start_bar="14" dance_len="2" seq_len="8" level="2" type="" />
    <ActionList start_bar="22" dance_len="2" seq_len="4" level="2" type="" />
    <ActionList start_bar="26" dance_len="2" seq_len="4" level="2" type="" />
    <ActionList start_bar="30" dance_len="2" seq_len="4" level="2" type="" />
    <ActionList start_bar="34" dance_len="2" seq_len="4" level="2" type="" />
    <ActionList start_bar="38" dance_len="2" seq_len="4" level="2" type="" />
    <ActionList start_bar="42" dance_len="2" seq_len="4" level="2" type="" />
    <ActionList start_bar="46" dance_len="4" seq_len="4" level="2" type="" />
    <ActionList start_bar="50" dance_len="2" seq_len="4" level="2" type="" />
    <ActionList start_bar="54" dance_len="2" seq_len="4" level="2" type="" />
    <ActionList start_bar="58" dance_len="2" seq_len="8" level="2" type="" />
    <ActionList start_bar="66" dance_len="2" seq_len="4" level="2" type="" />
    <ActionList start_bar="70" dance_len="2" seq_len="4" level="2" type="" />
    <ActionList start_bar="74" dance_len="2" seq_len="8" level="2" type="" />
    <ActionList start_bar="82" dance_len="2" seq_len="4" level="2" type="" />
    <ActionList start_bar="86" dance_len="2" seq_len="4" level="2" type="" />
    <ActionList start_bar="90" dance_len="2" seq_len="8" level="2" type="" />
    <ActionList start_bar="98" dance_len="2" seq_len="2" level="2" type="" />
    <ActionList start_bar="100" dance_len="4" seq_len="4" level="2" type="" />
  </ActionSeq>
  <CameraSeq>
    <Camera name="SC" bar="5" pos="0" end_bar="99" end_pos="0" />
  </CameraSeq>  <DancerSort>
    <Bar>15</Bar>
    <Bar>17</Bar>
    <Bar>19</Bar>
    <Bar>21</Bar>
    <Bar>23</Bar>
    <Bar>25</Bar>
    <Bar>27</Bar>
    <Bar>29</Bar>
    <Bar>31</Bar>
    <Bar>33</Bar>
    <Bar>35</Bar>
    <Bar>37</Bar>
    <Bar>39</Bar>
    <Bar>41</Bar>
    <Bar>43</Bar>
    <Bar>45</Bar>
    <Bar>47</Bar>
    <Bar>49</Bar>
    <Bar>51</Bar>
    <Bar>53</Bar>
    <Bar>55</Bar>
    <Bar>57</Bar>
    <Bar>59</Bar>
    <Bar>61</Bar>
    <Bar>63</Bar>
    <Bar>65</Bar>
    <Bar>67</Bar>
    <Bar>69</Bar>
    <Bar>71</Bar>
    <Bar>73</Bar>
    <Bar>75</Bar>
    <Bar>77</Bar>
    <Bar>79</Bar>
    <Bar>81</Bar>
    <Bar>83</Bar>
    <Bar>85</Bar>
    <Bar>87</Bar>
    <Bar>89</Bar>
    <Bar>91</Bar>
    <Bar>93</Bar>
    <Bar>95</Bar>
  </DancerSort>
  <StageEffectSeq>
    <effect name="wutai_scene_global_script" bar="-1" length="-1" />
    <effect name="wutai_scene_note_biaozhun_01" bar="5" length="94" />
    <effect name="wutai_scene_note_biaozhun_01" bar="99" length="-1" />
  </StageEffectSeq>
</Level>