<?xml version="1.0" encoding="utf-8"?>
<Level>
  <LevelInfo>
    <BPM>180</BPM>
    <BeatPerBar>4</BeatPerBar>
    <BeatLen>16</BeatLen>
    <EnterTimeAdjust>1550</EnterTimeAdjust>
    <NotePreShow>1</NotePreShow>
    <LevelTime>166666</LevelTime>
    <BarAmount>66</BarAmount>
    <BeginBarLen>4</BeginBarLen>
    <IsFourTrack>False</IsFourTrack>
    <TrackCount>5</TrackCount>
    <LevelPreTime>4000</LevelPreTime>
  </LevelInfo>
  <MusicInfo>
    <Title>Talk Dirty</Title>
    <Artist>Jason Derulo/2</Artist>
    <FilePath>audio/bgm/101340</FilePath>
  </MusicInfo>
  <SectionSeq>
    <Section type="previous" endbar="0" mark="" param1="wutai_scene_pre_script_2" />
    <Section type="begin" startbar="1" endbar="4" mark="" param1="wutai_scene_begin_script_2" />
    <Section type="note" startbar="5" endbar="32" mark="" param1="" />
    <Section type="showtime" startbar="33" endbar="36" mark="dance" param1="" />
    <Section type="note" startbar="39" endbar="62" mark="" param1="" />
    <Section type="showtime" startbar="63" endbar="66" mark="pose_xuanku" param1="" />
  </SectionSeq>
  <IndicatorResetPos PosNum="64" />
  <NoteInfo>
    <Normal>
      <Note ID="1" note_type="PinballSingle" Bar="5" Pos="0" Son="" EndArea="3|4" MoveTime="3" />
      <Note ID="2" note_type="PinballSeries" Bar="5" Pos="32" Son="3" EndArea="1|2" MoveTime="3" />
      <Note ID="3" note_type="PinballSeries" Bar="5" Pos="40" Son="" EndArea="1|2" MoveTime="3" />
      <Note ID="4" note_type="PinballLong" Bar="6" Pos="0" EndBar="6" EndPos="48" Son="" EndArea="3|4" MoveTime="3" />
      <Note ID="5" note_type="PinballSingle" Bar="7" Pos="0" Son="" EndArea="1|2" MoveTime="3" />
      <Note ID="6" note_type="PinballSeries" Bar="7" Pos="32" Son="7" EndArea="3|4" MoveTime="3" />
      <Note ID="7" note_type="PinballSeries" Bar="7" Pos="40" Son="" EndArea="3|4" MoveTime="3" />
      <Note ID="8" note_type="PinballLong" Bar="8" Pos="0" EndBar="8" EndPos="48" Son="" EndArea="1|2" MoveTime="3" />
      <Note ID="9" note_type="PinballSingle" Bar="9" Pos="0" Son="" EndArea="3|4" MoveTime="3" />
      <Note ID="10" note_type="PinballSingle" Bar="9" Pos="16" Son="" EndArea="1|2" MoveTime="3" />
      <Note ID="11" note_type="PinballSlip" Bar="9" Pos="32" Son="14" EndArea="3|4" MoveTime="3" />
      <Note ID="12" note_type="PinballSingle" Bar="9" Pos="48" Son="" EndArea="1|2" MoveTime="3" />
      <Note ID="13" note_type="PinballLong" Bar="10" Pos="0" EndBar="10" EndPos="48" Son="" EndArea="3|4" MoveTime="3" />
      <Note ID="14" note_type="PinballSlip" Bar="11" Pos="0" Son="" EndArea="1|2" MoveTime="3" />
      <Note ID="15" note_type="PinballSingle" Bar="11" Pos="16" Son="" EndArea="3|4" MoveTime="3" />
      <Note ID="16" note_type="PinballSingle" Bar="11" Pos="32" Son="" EndArea="1|2" MoveTime="3" />
      <Note ID="17" note_type="PinballSingle" Bar="11" Pos="48" Son="" EndArea="3|4" MoveTime="3" />
      <Note ID="18" note_type="PinballLong" Bar="12" Pos="0" EndBar="12" EndPos="48" Son="" EndArea="1|2" MoveTime="3" />
      <Note ID="19" note_type="PinballSlip" Bar="13" Pos="0" Son="22" EndArea="3|4" MoveTime="3" />
      <Note ID="20" note_type="PinballSingle" Bar="13" Pos="32" Son="" EndArea="1|2" MoveTime="3" />
      <Note ID="21" note_type="PinballSlip" Bar="14" Pos="0" Son="24" EndArea="3|4" MoveTime="3" />
      <Note ID="22" note_type="PinballSlip" Bar="14" Pos="32" Son="" EndArea="1|2" MoveTime="3" />
      <Note ID="23" note_type="PinballSlip" Bar="15" Pos="0" Son="26" EndArea="3|4" MoveTime="3" />
      <Note ID="24" note_type="PinballSlip" Bar="15" Pos="32" Son="" EndArea="1|2" MoveTime="3" />
      <Note ID="25" note_type="PinballSingle" Bar="16" Pos="0" Son="" EndArea="1|2" MoveTime="3" />
      <Note ID="26" note_type="PinballSlip" Bar="16" Pos="32" Son="" EndArea="3|4" MoveTime="3" />
      <Note ID="27" note_type="PinballLong" Bar="17" Pos="0" EndBar="17" EndPos="16" Son="" EndArea="1|2" MoveTime="3" />
      <Note ID="28" note_type="PinballLong" Bar="17" Pos="32" EndBar="17" EndPos="48" Son="" EndArea="3|4" MoveTime="3" />
      <Note ID="29" note_type="PinballSingle" Bar="18" Pos="0" Son="" EndArea="1|2" MoveTime="3" />
      <Note ID="30" note_type="PinballSeries" Bar="18" Pos="32" Son="31" EndArea="3|4" MoveTime="3" />
      <Note ID="31" note_type="PinballSeries" Bar="18" Pos="40" Son="32" EndArea="3|4" MoveTime="3" />
      <Note ID="32" note_type="PinballSeries" Bar="18" Pos="48" Son="" EndArea="3|4" MoveTime="3" />
      <Note ID="33" note_type="PinballLong" Bar="19" Pos="0" EndBar="19" EndPos="16" Son="" EndArea="1|2" MoveTime="3" />
      <Note ID="34" note_type="PinballLong" Bar="19" Pos="32" EndBar="19" EndPos="48" Son="" EndArea="3|4" MoveTime="3" />
      <Note ID="35" note_type="PinballSingle" Bar="20" Pos="0" Son="" EndArea="1|2" MoveTime="3" />
      <Note ID="36" note_type="PinballSeries" Bar="20" Pos="32" Son="37" EndArea="3|4" MoveTime="3" />
      <Note ID="37" note_type="PinballSeries" Bar="20" Pos="40" Son="38" EndArea="3|4" MoveTime="3" />
      <Note ID="38" note_type="PinballSeries" Bar="20" Pos="48" Son="" EndArea="3|4" MoveTime="3" />
      <Note ID="39" note_type="PinballLong" Bar="21" Pos="0" EndBar="21" EndPos="48" Son="" EndArea="1|2" MoveTime="3" />
      <Note ID="40" note_type="PinballLong" Bar="22" Pos="0" EndBar="22" EndPos="48" Son="" EndArea="3|4" MoveTime="3" />
      <Note ID="41" note_type="PinballLong" Bar="23" Pos="0" EndBar="23" EndPos="48" Son="" EndArea="1|2" MoveTime="3" />
      <Note ID="42" note_type="PinballLong" Bar="24" Pos="0" EndBar="24" EndPos="48" Son="" EndArea="3|4" MoveTime="3" />
      <Note ID="43" note_type="PinballSingle" Bar="25" Pos="0" Son="" EndArea="1|2" MoveTime="3" />
      <Note ID="44" note_type="PinballSeries" Bar="25" Pos="32" Son="45" EndArea="3|4" MoveTime="3" />
      <Note ID="45" note_type="PinballSeries" Bar="25" Pos="40" Son="46" EndArea="3|4" MoveTime="3" />
      <Note ID="46" note_type="PinballSeries" Bar="25" Pos="48" Son="" EndArea="3|4" MoveTime="3" />
      <Note ID="47" note_type="PinballLong" Bar="26" Pos="0" EndBar="26" EndPos="48" Son="" EndArea="1|2" MoveTime="3" />
      <Note ID="48" note_type="PinballSingle" Bar="27" Pos="0" Son="" EndArea="3|4" MoveTime="3" />
      <Note ID="49" note_type="PinballSingle" Bar="27" Pos="16" Son="" EndArea="1|2" MoveTime="3" />
      <Note ID="50" note_type="PinballSingle" Bar="27" Pos="32" Son="" EndArea="1|2" MoveTime="3" />
      <Note ID="51" note_type="PinballLong" Bar="28" Pos="0" EndBar="28" EndPos="48" Son="" EndArea="3|4" MoveTime="3" />
      <Note ID="52" note_type="PinballSlip" Bar="29" Pos="0" Son="55" EndArea="1|2" MoveTime="3" />
      <Note ID="53" note_type="PinballSingle" Bar="29" Pos="32" Son="" EndArea="3|4" MoveTime="3" />
      <Note ID="54" note_type="PinballSlip" Bar="30" Pos="0" Son="57" EndArea="1|2" MoveTime="3" />
      <Note ID="55" note_type="PinballSlip" Bar="30" Pos="32" Son="" EndArea="3|4" MoveTime="3" />
      <Note ID="56" note_type="PinballSingle" Bar="31" Pos="0" Son="" EndArea="1|2" MoveTime="3" />
      <Note ID="57" note_type="PinballSlip" Bar="31" Pos="32" Son="" EndArea="3|4" MoveTime="3" />
      <Note ID="58" note_type="PinballSingle" Bar="32" Pos="0" Son="" EndArea="1|2" MoveTime="3" />
      <Note ID="59" note_type="PinballLong" Bar="32" Pos="40" EndBar="33" EndPos="0" Son="" EndArea="1|2" MoveTime="3" />
      <Note ID="60" note_type="PinballSingle" Bar="39" Pos="0" Son="" EndArea="3|4" MoveTime="3" />
      <Note ID="61" note_type="PinballSingle" Bar="39" Pos="32" Son="" EndArea="1|2" MoveTime="3" />
      <Note ID="62" note_type="PinballLong" Bar="39" Pos="48" EndBar="40" EndPos="16" Son="" EndArea="3|4" MoveTime="3" />
      <Note ID="63" note_type="PinballSlip" Bar="40" Pos="32" Son="67" EndArea="1|2" MoveTime="3" />
      <Note ID="64" note_type="PinballSingle" Bar="40" Pos="48" Son="" EndArea="3|4" MoveTime="3" />
      <Note ID="65" note_type="PinballLong" Bar="41" Pos="0" EndBar="41" EndPos="16" Son="" EndArea="1|2" MoveTime="3" />
      <Note ID="66" note_type="PinballSlip" Bar="41" Pos="32" Son="69" EndArea="3|4" MoveTime="3" />
      <Note ID="67" note_type="PinballSlip" Bar="41" Pos="48" Son="" EndArea="1|2" MoveTime="3" />
      <Note ID="68" note_type="PinballLong" Bar="42" Pos="0" EndBar="42" EndPos="16" Son="" EndArea="3|4" MoveTime="3" />
      <Note ID="69" note_type="PinballSlip" Bar="43" Pos="0" Son="" EndArea="3|4" MoveTime="3" />
      <Note ID="70" note_type="PinballSingle" Bar="43" Pos="26" Son="" EndArea="3|4" MoveTime="3" />
      <Note ID="71" note_type="PinballSingle" Bar="43" Pos="26" Son="" EndArea="1|2" MoveTime="3" />
      <Note ID="72" note_type="PinballSingle" Bar="44" Pos="0" Son="" EndArea="1|2" MoveTime="3" />
      <Note ID="73" note_type="PinballSingle" Bar="44" Pos="26" Son="" EndArea="3|4" MoveTime="3" />
      <Note ID="74" note_type="PinballSingle" Bar="44" Pos="26" Son="" EndArea="1|2" MoveTime="3" />
      <Note ID="75" note_type="PinballSingle" Bar="45" Pos="0" Son="" EndArea="3|4" MoveTime="3" />
      <Note ID="76" note_type="PinballSingle" Bar="45" Pos="26" Son="" EndArea="3|4" MoveTime="3" />
      <Note ID="77" note_type="PinballSingle" Bar="45" Pos="26" Son="" EndArea="1|2" MoveTime="3" />
      <Note ID="78" note_type="PinballSingle" Bar="46" Pos="0" Son="" EndArea="1|2" MoveTime="3" />
      <Note ID="79" note_type="PinballSingle" Bar="46" Pos="26" Son="" EndArea="3|4" MoveTime="3" />
      <Note ID="80" note_type="PinballSingle" Bar="46" Pos="26" Son="" EndArea="1|2" MoveTime="3" />
      <Note ID="81" note_type="PinballLong" Bar="47" Pos="0" EndBar="47" EndPos="24" Son="" EndArea="3|4" MoveTime="3" />
      <Note ID="82" note_type="PinballLong" Bar="48" Pos="0" EndBar="48" EndPos="24" Son="" EndArea="1|2" MoveTime="3" />
      <Note ID="83" note_type="PinballSingle" Bar="48" Pos="48" Son="" EndArea="3|4" MoveTime="3" />
      <Note ID="84" note_type="PinballSlip" Bar="49" Pos="0" Son="90" EndArea="1|2" MoveTime="3" />
      <Note ID="85" note_type="PinballSeries" Bar="49" Pos="16" Son="86" EndArea="3|4" MoveTime="3" />
      <Note ID="86" note_type="PinballSeries" Bar="49" Pos="24" Son="" EndArea="3|4" MoveTime="3" />
      <Note ID="87" note_type="PinballSingle" Bar="49" Pos="48" Son="" EndArea="1|2" MoveTime="3" />
      <Note ID="88" note_type="PinballSlip" Bar="50" Pos="0" Son="94" EndArea="3|4" MoveTime="3" />
      <Note ID="89" note_type="PinballSingle" Bar="50" Pos="16" Son="" EndArea="1|2" MoveTime="3" />
      <Note ID="90" note_type="PinballSlip" Bar="50" Pos="24" Son="" EndArea="3|4" MoveTime="3" />
      <Note ID="91" note_type="PinballSingle" Bar="50" Pos="48" Son="" EndArea="1|2" MoveTime="3" />
      <Note ID="92" note_type="PinballSlip" Bar="51" Pos="0" Son="99" EndArea="1|2" MoveTime="3" />
      <Note ID="93" note_type="PinballSingle" Bar="51" Pos="16" Son="" EndArea="3|4" MoveTime="3" />
      <Note ID="94" note_type="PinballSlip" Bar="51" Pos="24" Son="" EndArea="1|2" MoveTime="3" />
      <Note ID="95" note_type="PinballSingle" Bar="51" Pos="48" Son="" EndArea="1|2" MoveTime="3" />
      <Note ID="96" note_type="PinballSlip" Bar="52" Pos="0" Son="101" EndArea="3|4" MoveTime="3" />
      <Note ID="97" note_type="PinballSingle" Bar="52" Pos="16" Son="" EndArea="3|4" MoveTime="3" />
      <Note ID="98" note_type="PinballSingle" Bar="52" Pos="24" Son="" EndArea="1|2" MoveTime="3" />
      <Note ID="99" note_type="PinballSlip" Bar="52" Pos="32" Son="" EndArea="3|4" MoveTime="3" />
      <Note ID="100" note_type="PinballSingle" Bar="53" Pos="0" Son="" EndArea="1|2" MoveTime="3" />
      <Note ID="101" note_type="PinballSlip" Bar="53" Pos="32" Son="" EndArea="3|4" MoveTime="3" />
      <Note ID="102" note_type="PinballSingle" Bar="54" Pos="0" Son="" EndArea="1|2" MoveTime="3" />
      <Note ID="103" note_type="PinballSlip" Bar="54" Pos="32" Son="106" EndArea="1|2" MoveTime="3" />
      <Note ID="104" note_type="PinballSingle" Bar="55" Pos="0" Son="" EndArea="3|4" MoveTime="3" />
      <Note ID="105" note_type="PinballSlip" Bar="55" Pos="32" Son="108" EndArea="1|2" MoveTime="3" />
      <Note ID="106" note_type="PinballSlip" Bar="56" Pos="0" Son="" EndArea="3|4" MoveTime="3" />
      <Note ID="107" note_type="PinballSlip" Bar="56" Pos="32" Son="110" EndArea="1|2" MoveTime="3" />
      <Note ID="108" note_type="PinballSlip" Bar="57" Pos="0" Son="" EndArea="3|4" MoveTime="3" />
      <Note ID="109" note_type="PinballSingle" Bar="57" Pos="32" Son="" EndArea="1|2" MoveTime="3" />
      <Note ID="110" note_type="PinballSlip" Bar="58" Pos="0" Son="" EndArea="3|4" MoveTime="3" />
      <Note ID="111" note_type="PinballSingle" Bar="58" Pos="8" Son="" EndArea="1|2" MoveTime="3" />
      <Note ID="112" note_type="PinballSingle" Bar="58" Pos="16" Son="" EndArea="3|4" MoveTime="3" />
      <Note ID="113" note_type="PinballSlip" Bar="58" Pos="32" Son="116" EndArea="1|2" MoveTime="3" />
      <Note ID="114" note_type="PinballSingle" Bar="59" Pos="0" Son="" EndArea="3|4" MoveTime="3" />
      <Note ID="115" note_type="PinballSingle" Bar="59" Pos="32" Son="" EndArea="1|2" MoveTime="3" />
      <Note ID="116" note_type="PinballSlip" Bar="60" Pos="0" Son="" EndArea="3|4" MoveTime="3" />
      <Note ID="117" note_type="PinballSingle" Bar="60" Pos="8" Son="" EndArea="1|2" MoveTime="3" />
      <Note ID="118" note_type="PinballSingle" Bar="60" Pos="16" Son="" EndArea="3|4" MoveTime="3" />
      <Note ID="119" note_type="PinballSlip" Bar="60" Pos="32" Son="122" EndArea="1|2" MoveTime="3" />
      <Note ID="120" note_type="PinballSingle" Bar="61" Pos="0" Son="" EndArea="3|4" MoveTime="3" />
      <Note ID="121" note_type="PinballSingle" Bar="61" Pos="32" Son="" EndArea="1|2" MoveTime="3" />
      <Note ID="122" note_type="PinballSlip" Bar="62" Pos="0" Son="" EndArea="3|4" MoveTime="3" />
      <Note ID="123" note_type="PinballSingle" Bar="62" Pos="8" Son="" EndArea="1|2" MoveTime="3" />
      <Note ID="124" note_type="PinballSingle" Bar="62" Pos="16" Son="" EndArea="3|4" MoveTime="3" />
      <Note ID="125" note_type="PinballSingle" Bar="62" Pos="32" Son="" EndArea="1|2" MoveTime="3" />
      <Note ID="126" note_type="PinballSingle" Bar="63" Pos="0" Son="" EndArea="3|4" MoveTime="3" />
    </Normal>
  </NoteInfo>
  <ActionSeq type="1">
    <ActionList start_bar="5" dance_len="1" seq_len="4" level="2" type="" />
    <ActionList start_bar="9" dance_len="2" seq_len="4" level="2" type="" />
    <ActionList start_bar="13" dance_len="2" seq_len="4" level="2" type="" />
    <ActionList start_bar="17" dance_len="2" seq_len="8" level="2" type="" />
    <ActionList start_bar="25" dance_len="2" seq_len="4" level="2" type="" />
    <ActionList start_bar="29" dance_len="2" seq_len="4" level="2" type="" />
    <ActionList start_bar="33" dance_len="4" seq_len="4" level="2" type="" />
    <ActionList start_bar="37" dance_len="1" seq_len="4" level="2" type="" />
    <ActionList start_bar="41" dance_len="2" seq_len="4" level="2" type="" />
    <ActionList start_bar="45" dance_len="2" seq_len="4" level="2" type="" />
    <ActionList start_bar="49" dance_len="2" seq_len="4" level="2" type="" />
    <ActionList start_bar="53" dance_len="2" seq_len="4" level="2" type="" />
    <ActionList start_bar="57" dance_len="2" seq_len="4" level="2" type="" />
    <ActionList start_bar="61" dance_len="2" seq_len="2" level="2" type="" />
    <ActionList start_bar="63" dance_len="4" seq_len="4" level="2" type="" />
  </ActionSeq>
  <CameraSeq>
    <Camera name="SC" bar="5" pos="0" end_bar="62" end_pos="0" />
  </CameraSeq>  <DancerSort>
    <Bar>15</Bar>
    <Bar>17</Bar>
    <Bar>19</Bar>
    <Bar>21</Bar>
    <Bar>23</Bar>
    <Bar>25</Bar>
    <Bar>27</Bar>
    <Bar>29</Bar>
    <Bar>31</Bar>
    <Bar>33</Bar>
    <Bar>35</Bar>
    <Bar>37</Bar>
    <Bar>39</Bar>
    <Bar>41</Bar>
    <Bar>43</Bar>
    <Bar>45</Bar>
    <Bar>47</Bar>
    <Bar>49</Bar>
    <Bar>51</Bar>
    <Bar>53</Bar>
    <Bar>55</Bar>
    <Bar>57</Bar>
    <Bar>59</Bar>
  </DancerSort>
  <StageEffectSeq>
    <effect name="wutai_scene_global_script" bar="-1" length="-1" />
    <effect name="wutai_scene_note_biaozhun_01" bar="5" length="57" />
    <effect name="wutai_scene_note_biaozhun_01" bar="62" length="-1" />
  </StageEffectSeq>
</Level>