<?xml version="1.0" encoding="utf-8"?>
<Level>
  <LevelInfo>
    <BPM>180</BPM>
    <BeatPerBar>4</BeatPerBar>
    <BeatLen>16</BeatLen>
    <EnterTimeAdjust>1550</EnterTimeAdjust>
    <NotePreShow>1</NotePreShow>
    <LevelTime>166666</LevelTime>
    <BarAmount>72</BarAmount>
    <BeginBarLen>8</BeginBarLen>
    <IsFourTrack>False</IsFourTrack>
    <TrackCount>5</TrackCount>
    <LevelPreTime>4000</LevelPreTime>
  </LevelInfo>
  <MusicInfo>
    <Title>隔壁泰山</Title>
    <Artist>阿里郎</Artist>
    <FilePath>audio/bgm/102172</FilePath>
  </MusicInfo>
  <SectionSeq>
    <Section type="previous" endbar="0" mark="" param1="wutai_scene_pre_script_2" />
    <Section type="begin" startbar="1" endbar="8" mark="" param1="wutai_scene_begin_script_2" />
    <Section type="note" startbar="9" endbar="36" mark="" param1="" />
    <Section type="showtime" startbar="37" endbar="40" mark="dance" param1="" />
    <Section type="note" startbar="43" endbar="68" mark="" param1="" />
    <Section type="showtime" startbar="69" endbar="72" mark="pose_xuanku" param1="" />
  </SectionSeq>
  <IndicatorResetPos PosNum="64" />
  <NoteInfo>
    <Normal>
      <Note ID="1" note_type="PinballSingle" Bar="9" Pos="0" Son="" EndArea="1|2" MoveTime="3" />
      <Note ID="2" note_type="PinballSingle" Bar="9" Pos="32" Son="" EndArea="3|4" MoveTime="3" />
      <Note ID="3" note_type="PinballSingle" Bar="10" Pos="0" Son="" EndArea="3|4" MoveTime="3" />
      <Note ID="4" note_type="PinballSeries" Bar="10" Pos="16" Son="5" EndArea="1|2" MoveTime="3" />
      <Note ID="5" note_type="PinballSeries" Bar="10" Pos="24" Son="" EndArea="1|2" MoveTime="3" />
      <Note ID="6" note_type="PinballSingle" Bar="10" Pos="48" Son="" EndArea="3|4" MoveTime="3" />
      <Note ID="7" note_type="PinballSlip" Bar="11" Pos="0" Son="13" EndArea="3|4" MoveTime="3" />
      <Note ID="8" note_type="PinballLong" Bar="11" Pos="24" EndBar="11" EndPos="40" Son="" EndArea="1|2" MoveTime="3" />
      <Note ID="9" note_type="PinballSingle" Bar="11" Pos="48" Son="" EndArea="3|4" MoveTime="3" />
      <Note ID="10" note_type="PinballSeries" Bar="12" Pos="0" Son="11" EndArea="3|4" MoveTime="3" />
      <Note ID="11" note_type="PinballSeries" Bar="12" Pos="8" Son="12" EndArea="3|4" MoveTime="3" />
      <Note ID="12" note_type="PinballSeries" Bar="12" Pos="16" Son="" EndArea="3|4" MoveTime="3" />
      <Note ID="13" note_type="PinballSlip" Bar="12" Pos="24" Son="" EndArea="1|2" MoveTime="3" />
      <Note ID="14" note_type="PinballSingle" Bar="12" Pos="48" Son="" EndArea="3|4" MoveTime="3" />
      <Note ID="15" note_type="PinballSingle" Bar="13" Pos="0" Son="" EndArea="1|2" MoveTime="3" />
      <Note ID="16" note_type="PinballSingle" Bar="13" Pos="32" Son="" EndArea="3|4" MoveTime="3" />
      <Note ID="17" note_type="PinballSingle" Bar="14" Pos="0" Son="" EndArea="3|4" MoveTime="3" />
      <Note ID="18" note_type="PinballSeries" Bar="14" Pos="16" Son="19" EndArea="1|2" MoveTime="3" />
      <Note ID="19" note_type="PinballSeries" Bar="14" Pos="24" Son="" EndArea="1|2" MoveTime="3" />
      <Note ID="20" note_type="PinballSingle" Bar="14" Pos="48" Son="" EndArea="3|4" MoveTime="3" />
      <Note ID="21" note_type="PinballSlip" Bar="15" Pos="0" Son="27" EndArea="3|4" MoveTime="3" />
      <Note ID="22" note_type="PinballLong" Bar="15" Pos="24" EndBar="15" EndPos="40" Son="" EndArea="3|4" MoveTime="3" />
      <Note ID="23" note_type="PinballSingle" Bar="15" Pos="48" Son="" EndArea="1|2" MoveTime="3" />
      <Note ID="24" note_type="PinballSeries" Bar="16" Pos="0" Son="25" EndArea="3|4" MoveTime="3" />
      <Note ID="25" note_type="PinballSeries" Bar="16" Pos="8" Son="" EndArea="3|4" MoveTime="3" />
      <Note ID="26" note_type="PinballSingle" Bar="16" Pos="16" Son="" EndArea="1|2" MoveTime="3" />
      <Note ID="27" note_type="PinballSlip" Bar="16" Pos="24" Son="" EndArea="1|2" MoveTime="3" />
      <Note ID="28" note_type="PinballSingle" Bar="16" Pos="48" Son="" EndArea="3|4" MoveTime="3" />
      <Note ID="29" note_type="PinballSlip" Bar="17" Pos="0" Son="35" EndArea="1|2" MoveTime="3" />
      <Note ID="30" note_type="PinballSingle" Bar="17" Pos="16" Son="" EndArea="3|4" MoveTime="3" />
      <Note ID="31" note_type="PinballSlip" Bar="17" Pos="32" Son="38" EndArea="1|2" MoveTime="3" />
      <Note ID="32" note_type="PinballSingle" Bar="17" Pos="48" Son="" EndArea="3|4" MoveTime="3" />
      <Note ID="33" note_type="PinballSingle" Bar="18" Pos="0" Son="" EndArea="3|4" MoveTime="3" />
      <Note ID="34" note_type="PinballSingle" Bar="18" Pos="16" Son="" EndArea="1|2" MoveTime="3" />
      <Note ID="35" note_type="PinballSlip" Bar="18" Pos="32" Son="" EndArea="3|4" MoveTime="3" />
      <Note ID="36" note_type="PinballSeries" Bar="18" Pos="48" Son="37" EndArea="1|2" MoveTime="3" />
      <Note ID="37" note_type="PinballSeries" Bar="18" Pos="56" Son="" EndArea="1|2" MoveTime="3" />
      <Note ID="38" note_type="PinballSlip" Bar="19" Pos="0" Son="" EndArea="3|4" MoveTime="3" />
      <Note ID="39" note_type="PinballSingle" Bar="19" Pos="16" Son="" EndArea="1|2" MoveTime="3" />
      <Note ID="40" note_type="PinballSingle" Bar="19" Pos="32" Son="" EndArea="3|4" MoveTime="3" />
      <Note ID="41" note_type="PinballSingle" Bar="19" Pos="48" Son="" EndArea="3|4" MoveTime="3" />
      <Note ID="42" note_type="PinballSingle" Bar="20" Pos="0" Son="" EndArea="1|2" MoveTime="3" />
      <Note ID="43" note_type="PinballLong" Bar="21" Pos="0" EndBar="21" EndPos="16" Son="" EndArea="3|4" MoveTime="3" />
      <Note ID="44" note_type="PinballSingle" Bar="21" Pos="32" Son="" EndArea="1|2" MoveTime="3" />
      <Note ID="45" note_type="PinballSingle" Bar="21" Pos="48" Son="" EndArea="1|2" MoveTime="3" />
      <Note ID="46" note_type="PinballLong" Bar="22" Pos="0" EndBar="22" EndPos="16" Son="" EndArea="3|4" MoveTime="3" />
      <Note ID="47" note_type="PinballSingle" Bar="22" Pos="32" Son="" EndArea="1|2" MoveTime="3" />
      <Note ID="48" note_type="PinballSingle" Bar="22" Pos="48" Son="" EndArea="3|4" MoveTime="3" />
      <Note ID="49" note_type="PinballSlip" Bar="23" Pos="0" Son="57" EndArea="1|2" MoveTime="3" />
      <Note ID="50" note_type="PinballSingle" Bar="23" Pos="16" Son="" EndArea="3|4" MoveTime="3" />
      <Note ID="51" note_type="PinballSeries" Bar="23" Pos="32" Son="52" EndArea="1|2" MoveTime="3" />
      <Note ID="52" note_type="PinballSeries" Bar="23" Pos="40" Son="" EndArea="1|2" MoveTime="3" />
      <Note ID="53" note_type="PinballSeries" Bar="23" Pos="48" Son="54" EndArea="3|4" MoveTime="3" />
      <Note ID="54" note_type="PinballSeries" Bar="23" Pos="56" Son="" EndArea="3|4" MoveTime="3" />
      <Note ID="55" note_type="PinballSlip" Bar="24" Pos="0" Son="62" EndArea="1|2" MoveTime="3" />
      <Note ID="56" note_type="PinballSlip" Bar="24" Pos="16" Son="63" EndArea="3|4" MoveTime="3" />
      <Note ID="57" note_type="PinballSlip" Bar="24" Pos="32" Son="" EndArea="1|2" MoveTime="3" />
      <Note ID="58" note_type="PinballSingle" Bar="24" Pos="40" Son="" EndArea="1|2" MoveTime="3" />
      <Note ID="59" note_type="PinballSingle" Bar="25" Pos="0" Son="" EndArea="3|4" MoveTime="3" />
      <Note ID="60" note_type="PinballSeries" Bar="25" Pos="16" Son="61" EndArea="1|2" MoveTime="3" />
      <Note ID="61" note_type="PinballSeries" Bar="25" Pos="24" Son="" EndArea="1|2" MoveTime="3" />
      <Note ID="62" note_type="PinballSlip" Bar="25" Pos="32" Son="" EndArea="3|4" MoveTime="3" />
      <Note ID="63" note_type="PinballSlip" Bar="25" Pos="48" Son="" EndArea="1|2" MoveTime="3" />
      <Note ID="64" note_type="PinballSingle" Bar="26" Pos="0" Son="" EndArea="1|2" MoveTime="3" />
      <Note ID="65" note_type="PinballSeries" Bar="26" Pos="16" Son="66" EndArea="3|4" MoveTime="3" />
      <Note ID="66" note_type="PinballSeries" Bar="26" Pos="24" Son="67" EndArea="3|4" MoveTime="3" />
      <Note ID="67" note_type="PinballSeries" Bar="26" Pos="32" Son="" EndArea="3|4" MoveTime="3" />
      <Note ID="68" note_type="PinballSingle" Bar="26" Pos="40" Son="" EndArea="1|2" MoveTime="3" />
      <Note ID="69" note_type="PinballSingle" Bar="26" Pos="48" Son="" EndArea="1|2" MoveTime="3" />
      <Note ID="70" note_type="PinballLong" Bar="26" Pos="56" EndBar="27" EndPos="32" Son="" EndArea="3|4" MoveTime="3" />
      <Note ID="71" note_type="PinballSingle" Bar="27" Pos="48" Son="" EndArea="1|2" MoveTime="3" />
      <Note ID="72" note_type="PinballLong" Bar="28" Pos="0" EndBar="28" EndPos="32" Son="" EndArea="1|2" MoveTime="3" />
      <Note ID="73" note_type="PinballSingle" Bar="28" Pos="48" Son="" EndArea="3|4" MoveTime="3" />
      <Note ID="74" note_type="PinballSlip" Bar="29" Pos="0" Son="82" EndArea="1|2" MoveTime="3" />
      <Note ID="75" note_type="PinballSingle" Bar="29" Pos="16" Son="" EndArea="3|4" MoveTime="3" />
      <Note ID="76" note_type="PinballSingle" Bar="29" Pos="24" Son="" EndArea="3|4" MoveTime="3" />
      <Note ID="77" note_type="PinballSingle" Bar="29" Pos="32" Son="" EndArea="1|2" MoveTime="3" />
      <Note ID="78" note_type="PinballSingle" Bar="29" Pos="48" Son="" EndArea="1|2" MoveTime="3" />
      <Note ID="79" note_type="PinballSingle" Bar="30" Pos="0" Son="" EndArea="3|4" MoveTime="3" />
      <Note ID="80" note_type="PinballSeries" Bar="30" Pos="16" Son="81" EndArea="3|4" MoveTime="3" />
      <Note ID="81" note_type="PinballSeries" Bar="30" Pos="24" Son="" EndArea="3|4" MoveTime="3" />
      <Note ID="82" note_type="PinballSlip" Bar="30" Pos="32" Son="" EndArea="1|2" MoveTime="3" />
      <Note ID="83" note_type="PinballSeries" Bar="30" Pos="40" Son="84" EndArea="3|4" MoveTime="3" />
      <Note ID="84" note_type="PinballSeries" Bar="30" Pos="48" Son="" EndArea="3|4" MoveTime="3" />
      <Note ID="85" note_type="PinballLong" Bar="30" Pos="56" EndBar="31" EndPos="32" Son="" EndArea="1|2" MoveTime="3" />
      <Note ID="86" note_type="PinballSingle" Bar="31" Pos="48" Son="" EndArea="3|4" MoveTime="3" />
      <Note ID="87" note_type="PinballSingle" Bar="32" Pos="0" Son="" EndArea="1|2" MoveTime="3" />
      <Note ID="88" note_type="PinballSingle" Bar="32" Pos="8" Son="" EndArea="1|2" MoveTime="3" />
      <Note ID="89" note_type="PinballSingle" Bar="32" Pos="16" Son="" EndArea="3|4" MoveTime="3" />
      <Note ID="90" note_type="PinballLong" Bar="32" Pos="24" EndBar="32" EndPos="48" Son="" EndArea="1|2" MoveTime="3" />
      <Note ID="91" note_type="PinballLong" Bar="33" Pos="0" EndBar="33" EndPos="32" Son="" EndArea="3|4" MoveTime="3" />
      <Note ID="92" note_type="PinballSingle" Bar="33" Pos="48" Son="" EndArea="1|2" MoveTime="3" />
      <Note ID="93" note_type="PinballLong" Bar="34" Pos="0" EndBar="34" EndPos="32" Son="" EndArea="1|2" MoveTime="3" />
      <Note ID="94" note_type="PinballSingle" Bar="34" Pos="48" Son="" EndArea="3|4" MoveTime="3" />
      <Note ID="95" note_type="PinballLong" Bar="35" Pos="0" EndBar="35" EndPos="48" Son="" EndArea="3|4" MoveTime="3" />
      <Note ID="96" note_type="PinballSeries" Bar="36" Pos="0" Son="97" EndArea="1|2" MoveTime="3" />
      <Note ID="97" note_type="PinballSeries" Bar="36" Pos="8" Son="" EndArea="1|2" MoveTime="3" />
      <Note ID="98" note_type="PinballSingle" Bar="36" Pos="16" Son="" EndArea="3|4" MoveTime="3" />
      <Note ID="99" note_type="PinballSingle" Bar="36" Pos="24" Son="" EndArea="3|4" MoveTime="3" />
      <Note ID="100" note_type="PinballSingle" Bar="36" Pos="32" Son="" EndArea="1|2" MoveTime="3" />
      <Note ID="101" note_type="PinballSingle" Bar="36" Pos="40" Son="" EndArea="1|2" MoveTime="3" />
      <Note ID="102" note_type="PinballSingle" Bar="36" Pos="48" Son="" EndArea="3|4" MoveTime="3" />
      <Note ID="103" note_type="PinballSingle" Bar="36" Pos="56" Son="" EndArea="3|4" MoveTime="3" />
      <Note ID="104" note_type="PinballSingle" Bar="37" Pos="0" Son="" EndArea="1|2" MoveTime="3" />
      <Note ID="105" note_type="PinballSlip" Bar="43" Pos="0" Son="111" EndArea="1|2" MoveTime="3" />
      <Note ID="106" note_type="PinballLong" Bar="43" Pos="24" EndBar="43" EndPos="40" Son="" EndArea="1|2" MoveTime="3" />
      <Note ID="107" note_type="PinballSingle" Bar="43" Pos="48" Son="" EndArea="3|4" MoveTime="3" />
      <Note ID="108" note_type="PinballSeries" Bar="44" Pos="0" Son="109" EndArea="3|4" MoveTime="3" />
      <Note ID="109" note_type="PinballSeries" Bar="44" Pos="8" Son="" EndArea="3|4" MoveTime="3" />
      <Note ID="110" note_type="PinballSingle" Bar="44" Pos="16" Son="" EndArea="1|2" MoveTime="3" />
      <Note ID="111" note_type="PinballSlip" Bar="44" Pos="24" Son="" EndArea="1|2" MoveTime="3" />
      <Note ID="112" note_type="PinballSingle" Bar="44" Pos="48" Son="" EndArea="3|4" MoveTime="3" />
      <Note ID="113" note_type="PinballSlip" Bar="45" Pos="0" Son="119" EndArea="1|2" MoveTime="3" />
      <Note ID="114" note_type="PinballSingle" Bar="45" Pos="16" Son="" EndArea="3|4" MoveTime="3" />
      <Note ID="115" note_type="PinballSlip" Bar="45" Pos="32" Son="121" EndArea="3|4" MoveTime="3" />
      <Note ID="116" note_type="PinballSingle" Bar="45" Pos="48" Son="" EndArea="1|2" MoveTime="3" />
      <Note ID="117" note_type="PinballSingle" Bar="45" Pos="56" Son="" EndArea="1|2" MoveTime="3" />
      <Note ID="118" note_type="PinballSingle" Bar="46" Pos="16" Son="" EndArea="3|4" MoveTime="3" />
      <Note ID="119" note_type="PinballSlip" Bar="46" Pos="32" Son="" EndArea="1|2" MoveTime="3" />
      <Note ID="120" note_type="PinballSingle" Bar="46" Pos="48" Son="" EndArea="3|4" MoveTime="3" />
      <Note ID="121" note_type="PinballSlip" Bar="46" Pos="56" Son="" EndArea="3|4" MoveTime="3" />
      <Note ID="122" note_type="PinballSingle" Bar="47" Pos="16" Son="" EndArea="1|2" MoveTime="3" />
      <Note ID="123" note_type="PinballSingle" Bar="47" Pos="32" Son="" EndArea="3|4" MoveTime="3" />
      <Note ID="124" note_type="PinballSingle" Bar="47" Pos="48" Son="" EndArea="1|2" MoveTime="3" />
      <Note ID="125" note_type="PinballSingle" Bar="48" Pos="0" Son="" EndArea="3|4" MoveTime="3" />
      <Note ID="126" note_type="PinballSingle" Bar="48" Pos="32" Son="" EndArea="3|4" MoveTime="3" />
      <Note ID="127" note_type="PinballSingle" Bar="48" Pos="48" Son="" EndArea="3|4" MoveTime="3" />
      <Note ID="128" note_type="PinballLong" Bar="49" Pos="0" EndBar="49" EndPos="16" Son="" EndArea="1|2" MoveTime="3" />
      <Note ID="129" note_type="PinballSingle" Bar="49" Pos="32" Son="" EndArea="3|4" MoveTime="3" />
      <Note ID="130" note_type="PinballSingle" Bar="49" Pos="48" Son="" EndArea="1|2" MoveTime="3" />
      <Note ID="131" note_type="PinballLong" Bar="50" Pos="0" EndBar="50" EndPos="16" Son="" EndArea="3|4" MoveTime="3" />
      <Note ID="132" note_type="PinballSingle" Bar="50" Pos="32" Son="" EndArea="1|2" MoveTime="3" />
      <Note ID="133" note_type="PinballSingle" Bar="50" Pos="48" Son="" EndArea="3|4" MoveTime="3" />
      <Note ID="134" note_type="PinballSlip" Bar="51" Pos="0" Son="142" EndArea="1|2" MoveTime="3" />
      <Note ID="135" note_type="PinballSingle" Bar="51" Pos="16" Son="" EndArea="1|2" MoveTime="3" />
      <Note ID="136" note_type="PinballSingle" Bar="51" Pos="32" Son="" EndArea="3|4" MoveTime="3" />
      <Note ID="137" note_type="PinballSingle" Bar="51" Pos="40" Son="" EndArea="3|4" MoveTime="3" />
      <Note ID="138" note_type="PinballSeries" Bar="51" Pos="48" Son="139" EndArea="1|2" MoveTime="3" />
      <Note ID="139" note_type="PinballSeries" Bar="51" Pos="56" Son="" EndArea="1|2" MoveTime="3" />
      <Note ID="140" note_type="PinballSlip" Bar="52" Pos="0" Son="147" EndArea="3|4" MoveTime="3" />
      <Note ID="141" note_type="PinballSlip" Bar="52" Pos="16" Son="148" EndArea="1|2" MoveTime="3" />
      <Note ID="142" note_type="PinballSlip" Bar="52" Pos="32" Son="" EndArea="1|2" MoveTime="3" />
      <Note ID="143" note_type="PinballSingle" Bar="52" Pos="40" Son="" EndArea="1|2" MoveTime="3" />
      <Note ID="144" note_type="PinballSingle" Bar="53" Pos="0" Son="" EndArea="3|4" MoveTime="3" />
      <Note ID="145" note_type="PinballSeries" Bar="53" Pos="16" Son="146" EndArea="1|2" MoveTime="3" />
      <Note ID="146" note_type="PinballSeries" Bar="53" Pos="24" Son="" EndArea="1|2" MoveTime="3" />
      <Note ID="147" note_type="PinballSlip" Bar="53" Pos="32" Son="" EndArea="3|4" MoveTime="3" />
      <Note ID="148" note_type="PinballSlip" Bar="53" Pos="48" Son="" EndArea="3|4" MoveTime="3" />
      <Note ID="149" note_type="PinballSingle" Bar="54" Pos="0" Son="" EndArea="1|2" MoveTime="3" />
      <Note ID="150" note_type="PinballSingle" Bar="54" Pos="16" Son="" EndArea="3|4" MoveTime="3" />
      <Note ID="151" note_type="PinballSingle" Bar="54" Pos="24" Son="" EndArea="3|4" MoveTime="3" />
      <Note ID="152" note_type="PinballSeries" Bar="54" Pos="32" Son="153" EndArea="1|2" MoveTime="3" />
      <Note ID="153" note_type="PinballSeries" Bar="54" Pos="40" Son="" EndArea="1|2" MoveTime="3" />
      <Note ID="154" note_type="PinballSingle" Bar="54" Pos="48" Son="" EndArea="3|4" MoveTime="3" />
      <Note ID="155" note_type="PinballLong" Bar="54" Pos="56" EndBar="55" EndPos="32" Son="" EndArea="1|2" MoveTime="3" />
      <Note ID="156" note_type="PinballSingle" Bar="55" Pos="48" Son="" EndArea="3|4" MoveTime="3" />
      <Note ID="157" note_type="PinballLong" Bar="56" Pos="0" EndBar="56" EndPos="32" Son="" EndArea="1|2" MoveTime="3" />
      <Note ID="158" note_type="PinballSingle" Bar="56" Pos="48" Son="" EndArea="3|4" MoveTime="3" />
      <Note ID="159" note_type="PinballSlip" Bar="57" Pos="0" Son="167" EndArea="3|4" MoveTime="3" />
      <Note ID="160" note_type="PinballSingle" Bar="57" Pos="16" Son="" EndArea="1|2" MoveTime="3" />
      <Note ID="161" note_type="PinballSingle" Bar="57" Pos="24" Son="" EndArea="1|2" MoveTime="3" />
      <Note ID="162" note_type="PinballSingle" Bar="57" Pos="32" Son="" EndArea="3|4" MoveTime="3" />
      <Note ID="163" note_type="PinballSingle" Bar="57" Pos="48" Son="" EndArea="1|2" MoveTime="3" />
      <Note ID="164" note_type="PinballSingle" Bar="58" Pos="0" Son="" EndArea="3|4" MoveTime="3" />
      <Note ID="165" note_type="PinballSeries" Bar="58" Pos="16" Son="166" EndArea="1|2" MoveTime="3" />
      <Note ID="166" note_type="PinballSeries" Bar="58" Pos="24" Son="" EndArea="1|2" MoveTime="3" />
      <Note ID="167" note_type="PinballSlip" Bar="58" Pos="32" Son="" EndArea="3|4" MoveTime="3" />
      <Note ID="168" note_type="PinballSeries" Bar="58" Pos="40" Son="169" EndArea="1|2" MoveTime="3" />
      <Note ID="169" note_type="PinballSeries" Bar="58" Pos="48" Son="" EndArea="1|2" MoveTime="3" />
      <Note ID="170" note_type="PinballLong" Bar="58" Pos="56" EndBar="59" EndPos="32" Son="" EndArea="3|4" MoveTime="3" />
      <Note ID="171" note_type="PinballSingle" Bar="59" Pos="48" Son="" EndArea="1|2" MoveTime="3" />
      <Note ID="172" note_type="PinballSingle" Bar="60" Pos="0" Son="" EndArea="3|4" MoveTime="3" />
      <Note ID="173" note_type="PinballSingle" Bar="60" Pos="8" Son="" EndArea="3|4" MoveTime="3" />
      <Note ID="174" note_type="PinballSingle" Bar="60" Pos="16" Son="" EndArea="1|2" MoveTime="3" />
      <Note ID="175" note_type="PinballLong" Bar="60" Pos="24" EndBar="60" EndPos="48" Son="" EndArea="3|4" MoveTime="3" />
      <Note ID="176" note_type="PinballLong" Bar="61" Pos="0" EndBar="61" EndPos="32" Son="" EndArea="1|2" MoveTime="3" />
      <Note ID="177" note_type="PinballSingle" Bar="61" Pos="48" Son="" EndArea="3|4" MoveTime="3" />
      <Note ID="178" note_type="PinballLong" Bar="62" Pos="0" EndBar="62" EndPos="32" Son="" EndArea="1|2" MoveTime="3" />
      <Note ID="179" note_type="PinballSingle" Bar="62" Pos="48" Son="" EndArea="3|4" MoveTime="3" />
      <Note ID="180" note_type="PinballLong" Bar="63" Pos="0" EndBar="63" EndPos="48" Son="" EndArea="3|4" MoveTime="3" />
      <Note ID="181" note_type="PinballSeries" Bar="64" Pos="0" Son="182" EndArea="1|2" MoveTime="3" />
      <Note ID="182" note_type="PinballSeries" Bar="64" Pos="8" Son="" EndArea="1|2" MoveTime="3" />
      <Note ID="183" note_type="PinballSingle" Bar="64" Pos="16" Son="" EndArea="3|4" MoveTime="3" />
      <Note ID="184" note_type="PinballSingle" Bar="64" Pos="24" Son="" EndArea="3|4" MoveTime="3" />
      <Note ID="185" note_type="PinballSingle" Bar="64" Pos="32" Son="" EndArea="1|2" MoveTime="3" />
      <Note ID="186" note_type="PinballSingle" Bar="64" Pos="40" Son="" EndArea="1|2" MoveTime="3" />
      <Note ID="187" note_type="PinballSeries" Bar="64" Pos="48" Son="188" EndArea="3|4" MoveTime="3" />
      <Note ID="188" note_type="PinballSeries" Bar="64" Pos="56" Son="" EndArea="3|4" MoveTime="3" />
      <Note ID="189" note_type="PinballSingle" Bar="65" Pos="0" Son="" EndArea="1|2" MoveTime="3" />
      <Note ID="190" note_type="PinballSingle" Bar="65" Pos="16" Son="" EndArea="3|4" MoveTime="3" />
      <Note ID="191" note_type="PinballSingle" Bar="65" Pos="32" Son="" EndArea="1|2" MoveTime="3" />
      <Note ID="192" note_type="PinballSingle" Bar="65" Pos="48" Son="" EndArea="3|4" MoveTime="3" />
      <Note ID="193" note_type="PinballSingle" Bar="66" Pos="0" Son="" EndArea="3|4" MoveTime="3" />
      <Note ID="194" note_type="PinballSingle" Bar="66" Pos="8" Son="" EndArea="3|4" MoveTime="3" />
      <Note ID="195" note_type="PinballSingle" Bar="66" Pos="16" Son="" EndArea="1|2" MoveTime="3" />
      <Note ID="196" note_type="PinballSingle" Bar="66" Pos="24" Son="" EndArea="1|2" MoveTime="3" />
      <Note ID="197" note_type="PinballSingle" Bar="66" Pos="32" Son="" EndArea="3|4" MoveTime="3" />
      <Note ID="198" note_type="PinballSingle" Bar="66" Pos="48" Son="" EndArea="3|4" MoveTime="3" />
      <Note ID="199" note_type="PinballSingle" Bar="67" Pos="0" Son="" EndArea="1|2" MoveTime="3" />
      <Note ID="200" note_type="PinballSingle" Bar="67" Pos="16" Son="" EndArea="3|4" MoveTime="3" />
      <Note ID="201" note_type="PinballSingle" Bar="67" Pos="32" Son="" EndArea="1|2" MoveTime="3" />
      <Note ID="202" note_type="PinballSingle" Bar="67" Pos="48" Son="" EndArea="3|4" MoveTime="3" />
      <Note ID="203" note_type="PinballSingle" Bar="68" Pos="0" Son="" EndArea="1|2" MoveTime="3" />
      <Note ID="204" note_type="PinballSingle" Bar="68" Pos="8" Son="" EndArea="1|2" MoveTime="3" />
      <Note ID="205" note_type="PinballSingle" Bar="68" Pos="16" Son="" EndArea="1|2" MoveTime="3" />
      <Note ID="206" note_type="PinballSingle" Bar="68" Pos="24" Son="" EndArea="3|4" MoveTime="3" />
      <Note ID="207" note_type="PinballSingle" Bar="68" Pos="32" Son="" EndArea="3|4" MoveTime="3" />
      <Note ID="208" note_type="PinballSeries" Bar="68" Pos="40" Son="209" EndArea="1|2" MoveTime="3" />
      <Note ID="209" note_type="PinballSeries" Bar="68" Pos="48" Son="" EndArea="1|2" MoveTime="3" />
      <Note ID="210" note_type="PinballSingle" Bar="68" Pos="56" Son="" EndArea="3|4" MoveTime="3" />
      <Note ID="211" note_type="PinballSingle" Bar="69" Pos="0" Son="" EndArea="3|4" MoveTime="3" />
    </Normal>
  </NoteInfo>
  <ActionSeq type="1">
    <ActionList start_bar="9" dance_len="1" seq_len="4" level="2" type="" />
    <ActionList start_bar="13" dance_len="2" seq_len="4" level="2" type="" />
    <ActionList start_bar="17" dance_len="2" seq_len="4" level="2" type="" />
    <ActionList start_bar="21" dance_len="2" seq_len="4" level="2" type="" />
    <ActionList start_bar="25" dance_len="2" seq_len="8" level="2" type="" />
    <ActionList start_bar="33" dance_len="2" seq_len="4" level="2" type="" />
    <ActionList start_bar="37" dance_len="4" seq_len="4" level="2" type="" />
    <ActionList start_bar="41" dance_len="1" seq_len="4" level="2" type="" />
    <ActionList start_bar="45" dance_len="2" seq_len="4" level="2" type="" />
    <ActionList start_bar="49" dance_len="2" seq_len="4" level="2" type="" />
    <ActionList start_bar="53" dance_len="2" seq_len="8" level="2" type="" />
    <ActionList start_bar="61" dance_len="2" seq_len="4" level="2" type="" />
    <ActionList start_bar="65" dance_len="2" seq_len="4" level="2" type="" />
    <ActionList start_bar="69" dance_len="4" seq_len="4" level="2" type="" />
  </ActionSeq>
  <CameraSeq>
    <Camera name="SC" bar="9" pos="0" end_bar="68" end_pos="0" />
  </CameraSeq>  <DancerSort>
    <Bar>19</Bar>
    <Bar>21</Bar>
    <Bar>23</Bar>
    <Bar>25</Bar>
    <Bar>27</Bar>
    <Bar>29</Bar>
    <Bar>31</Bar>
    <Bar>33</Bar>
    <Bar>35</Bar>
    <Bar>37</Bar>
    <Bar>39</Bar>
    <Bar>41</Bar>
    <Bar>43</Bar>
    <Bar>45</Bar>
    <Bar>47</Bar>
    <Bar>49</Bar>
    <Bar>51</Bar>
    <Bar>53</Bar>
    <Bar>55</Bar>
    <Bar>57</Bar>
    <Bar>59</Bar>
    <Bar>61</Bar>
    <Bar>63</Bar>
    <Bar>65</Bar>
  </DancerSort>
  <StageEffectSeq>
    <effect name="wutai_scene_global_script" bar="-1" length="-1" />
    <effect name="wutai_scene_note_biaozhun_01" bar="9" length="59" />
    <effect name="wutai_scene_note_biaozhun_01" bar="68" length="-1" />
  </StageEffectSeq>
</Level>