<?xml version="1.0" encoding="utf-8"?>
<Level>
  <LevelInfo>
    <BPM>180</BPM>
    <BeatPerBar>4</BeatPerBar>
    <BeatLen>16</BeatLen>
    <EnterTimeAdjust>1550</EnterTimeAdjust>
    <NotePreShow>1</NotePreShow>
    <LevelTime>166666</LevelTime>
    <BarAmount>102</BarAmount>
    <BeginBarLen>4</BeginBarLen>
    <IsFourTrack>False</IsFourTrack>
    <TrackCount>5</TrackCount>
    <LevelPreTime>4000</LevelPreTime>
  </LevelInfo>
  <MusicInfo>
    <Title>哲学家</Title>
    <Artist>范玮琪</Artist>
    <FilePath>audio/bgm/102444</FilePath>
  </MusicInfo>
  <SectionSeq>
    <Section type="previous" endbar="0" mark="" param1="wutai_scene_pre_script_2" />
    <Section type="begin" startbar="1" endbar="4" mark="" param1="wutai_scene_begin_script_2" />
    <Section type="note" startbar="5" endbar="40" mark="" param1="" />
    <Section type="showtime" startbar="41" endbar="44" mark="dance" param1="" />
    <Section type="note" startbar="47" endbar="98" mark="" param1="" />
    <Section type="showtime" startbar="99" endbar="102" mark="pose_xuanku" param1="" />
  </SectionSeq>
  <IndicatorResetPos PosNum="64" />
  <NoteInfo>
    <Normal>
      <Note ID="1" note_type="PinballSingle" Bar="5" Pos="0" Son="" EndArea="1|2" MoveTime="3" />
      <Note ID="2" note_type="PinballSlip" Bar="5" Pos="16" Son="11" EndArea="1|2" MoveTime="3" />
      <Note ID="3" note_type="PinballSingle" Bar="5" Pos="32" Son="" EndArea="3|4" MoveTime="3" />
      <Note ID="4" note_type="PinballSingle" Bar="5" Pos="40" Son="" EndArea="1|2" MoveTime="3" />
      <Note ID="5" note_type="PinballSingle" Bar="5" Pos="48" Son="" EndArea="3|4" MoveTime="3" />
      <Note ID="6" note_type="PinballSingle" Bar="5" Pos="56" Son="" EndArea="1|2" MoveTime="3" />
      <Note ID="7" note_type="PinballSingle" Bar="6" Pos="8" Son="" EndArea="3|4" MoveTime="3" />
      <Note ID="8" note_type="PinballSlip" Bar="6" Pos="16" Son="16" EndArea="1|2" MoveTime="3" />
      <Note ID="9" note_type="PinballSingle" Bar="6" Pos="24" Son="" EndArea="3|4" MoveTime="3" />
      <Note ID="10" note_type="PinballSingle" Bar="6" Pos="40" Son="" EndArea="1|2" MoveTime="3" />
      <Note ID="11" note_type="PinballSlip" Bar="6" Pos="48" Son="" EndArea="3|4" MoveTime="3" />
      <Note ID="12" note_type="PinballSingle" Bar="6" Pos="56" Son="" EndArea="1|2" MoveTime="3" />
      <Note ID="13" note_type="PinballSingle" Bar="7" Pos="0" Son="" EndArea="3|4" MoveTime="3" />
      <Note ID="14" note_type="PinballSlip" Bar="7" Pos="16" Son="21" EndArea="1|2" MoveTime="3" />
      <Note ID="15" note_type="PinballSingle" Bar="7" Pos="32" Son="" EndArea="1|2" MoveTime="3" />
      <Note ID="16" note_type="PinballSlip" Bar="7" Pos="48" Son="" EndArea="3|4" MoveTime="3" />
      <Note ID="17" note_type="PinballSingle" Bar="7" Pos="56" Son="" EndArea="1|2" MoveTime="3" />
      <Note ID="18" note_type="PinballSlip" Bar="8" Pos="8" Son="24" EndArea="3|4" MoveTime="3" />
      <Note ID="19" note_type="PinballSingle" Bar="8" Pos="24" Son="" EndArea="1|2" MoveTime="3" />
      <Note ID="20" note_type="PinballSingle" Bar="8" Pos="40" Son="" EndArea="3|4" MoveTime="3" />
      <Note ID="21" note_type="PinballSlip" Bar="8" Pos="48" Son="" EndArea="1|2" MoveTime="3" />
      <Note ID="22" note_type="PinballLong" Bar="8" Pos="56" EndBar="9" EndPos="30" Son="" EndArea="3|4" MoveTime="3" />
      <Note ID="23" note_type="PinballSingle" Bar="9" Pos="32" Son="" EndArea="1|2" MoveTime="3" />
      <Note ID="24" note_type="PinballSlip" Bar="9" Pos="48" Son="" EndArea="1|2" MoveTime="3" />
      <Note ID="25" note_type="PinballLong" Bar="9" Pos="56" EndBar="10" EndPos="6" Son="" EndArea="1|2" MoveTime="3" />
      <Note ID="26" note_type="PinballLong" Bar="10" Pos="8" EndBar="10" EndPos="22" Son="" EndArea="3|4" MoveTime="3" />
      <Note ID="27" note_type="PinballSlip" Bar="10" Pos="24" Son="33" EndArea="1|2" MoveTime="3" />
      <Note ID="28" note_type="PinballSingle" Bar="10" Pos="48" Son="" EndArea="1|2" MoveTime="3" />
      <Note ID="29" note_type="PinballLong" Bar="10" Pos="56" EndBar="11" EndPos="8" Son="" EndArea="3|4" MoveTime="3" />
      <Note ID="30" note_type="PinballSlip" Bar="11" Pos="16" Son="37" EndArea="1|2" MoveTime="3" />
      <Note ID="31" note_type="PinballSingle" Bar="11" Pos="32" Son="" EndArea="3|4" MoveTime="3" />
      <Note ID="32" note_type="PinballLong" Bar="11" Pos="40" EndBar="11" EndPos="54" Son="" EndArea="1|2" MoveTime="3" />
      <Note ID="33" note_type="PinballSlip" Bar="11" Pos="56" Son="" EndArea="3|4" MoveTime="3" />
      <Note ID="34" note_type="PinballLong" Bar="12" Pos="8" EndBar="12" EndPos="22" Son="" EndArea="3|4" MoveTime="3" />
      <Note ID="35" note_type="PinballSingle" Bar="12" Pos="24" Son="" EndArea="1|2" MoveTime="3" />
      <Note ID="36" note_type="PinballSingle" Bar="12" Pos="40" Son="" EndArea="1|2" MoveTime="3" />
      <Note ID="37" note_type="PinballSlip" Bar="12" Pos="48" Son="" EndArea="3|4" MoveTime="3" />
      <Note ID="38" note_type="PinballSlip" Bar="12" Pos="56" Son="44" EndArea="1|2" MoveTime="3" />
      <Note ID="39" note_type="PinballSingle" Bar="13" Pos="16" Son="" EndArea="3|4" MoveTime="3" />
      <Note ID="40" note_type="PinballSingle" Bar="13" Pos="32" Son="" EndArea="1|2" MoveTime="3" />
      <Note ID="41" note_type="PinballLong" Bar="13" Pos="40" EndBar="13" EndPos="54" Son="" EndArea="3|4" MoveTime="3" />
      <Note ID="42" note_type="PinballSlip" Bar="13" Pos="56" Son="47" EndArea="1|2" MoveTime="3" />
      <Note ID="43" note_type="PinballLong" Bar="14" Pos="8" EndBar="14" EndPos="22" Son="" EndArea="1|2" MoveTime="3" />
      <Note ID="44" note_type="PinballSlip" Bar="14" Pos="24" Son="" EndArea="3|4" MoveTime="3" />
      <Note ID="45" note_type="PinballSingle" Bar="14" Pos="48" Son="" EndArea="3|4" MoveTime="3" />
      <Note ID="46" note_type="PinballLong" Bar="14" Pos="56" EndBar="15" EndPos="6" Son="" EndArea="3|4" MoveTime="3" />
      <Note ID="47" note_type="PinballSlip" Bar="15" Pos="8" Son="" EndArea="1|2" MoveTime="3" />
      <Note ID="48" note_type="PinballLong" Bar="15" Pos="24" EndBar="15" EndPos="38" Son="" EndArea="3|4" MoveTime="3" />
      <Note ID="49" note_type="PinballSingle" Bar="15" Pos="40" Son="" EndArea="1|2" MoveTime="3" />
      <Note ID="50" note_type="PinballLong" Bar="15" Pos="56" EndBar="16" EndPos="6" Son="" EndArea="3|4" MoveTime="3" />
      <Note ID="51" note_type="PinballSingle" Bar="16" Pos="8" Son="" EndArea="1|2" MoveTime="3" />
      <Note ID="52" note_type="PinballSingle" Bar="16" Pos="24" Son="" EndArea="3|4" MoveTime="3" />
      <Note ID="53" note_type="PinballSingle" Bar="16" Pos="32" Son="" EndArea="1|2" MoveTime="3" />
      <Note ID="54" note_type="PinballSlip" Bar="16" Pos="40" Son="61" EndArea="3|4" MoveTime="3" />
      <Note ID="55" note_type="PinballLong" Bar="16" Pos="48" EndBar="17" EndPos="0" Son="" EndArea="1|2" MoveTime="3" />
      <Note ID="56" note_type="PinballSeries" Bar="17" Pos="16" Son="57" EndArea="3|4" MoveTime="3" />
      <Note ID="57" note_type="PinballSeries" Bar="17" Pos="24" Son="" EndArea="3|4" MoveTime="3" />
      <Note ID="58" note_type="PinballSeries" Bar="17" Pos="32" Son="59" EndArea="1|2" MoveTime="3" />
      <Note ID="59" note_type="PinballSeries" Bar="17" Pos="40" Son="" EndArea="1|2" MoveTime="3" />
      <Note ID="60" note_type="PinballSingle" Bar="17" Pos="56" Son="" EndArea="1|2" MoveTime="3" />
      <Note ID="61" note_type="PinballSlip" Bar="18" Pos="8" Son="" EndArea="3|4" MoveTime="3" />
      <Note ID="62" note_type="PinballSingle" Bar="18" Pos="24" Son="" EndArea="1|2" MoveTime="3" />
      <Note ID="63" note_type="PinballSingle" Bar="18" Pos="40" Son="" EndArea="3|4" MoveTime="3" />
      <Note ID="64" note_type="PinballSingle" Bar="18" Pos="48" Son="" EndArea="3|4" MoveTime="3" />
      <Note ID="65" note_type="PinballSingle" Bar="18" Pos="56" Son="" EndArea="1|2" MoveTime="3" />
      <Note ID="66" note_type="PinballSingle" Bar="19" Pos="0" Son="" EndArea="3|4" MoveTime="3" />
      <Note ID="67" note_type="PinballSingle" Bar="19" Pos="8" Son="" EndArea="1|2" MoveTime="3" />
      <Note ID="68" note_type="PinballLong" Bar="19" Pos="16" EndBar="19" EndPos="46" Son="" EndArea="3|4" MoveTime="3" />
      <Note ID="69" note_type="PinballSlip" Bar="19" Pos="48" Son="73" EndArea="1|2" MoveTime="3" />
      <Note ID="70" note_type="PinballLong" Bar="20" Pos="0" EndBar="20" EndPos="46" Son="" EndArea="1|2" MoveTime="3" />
      <Note ID="71" note_type="PinballSingle" Bar="20" Pos="48" Son="" EndArea="3|4" MoveTime="3" />
      <Note ID="72" note_type="PinballLong" Bar="20" Pos="56" EndBar="21" EndPos="6" Son="" EndArea="3|4" MoveTime="3" />
      <Note ID="73" note_type="PinballSlip" Bar="21" Pos="16" Son="" EndArea="1|2" MoveTime="3" />
      <Note ID="74" note_type="PinballLong" Bar="21" Pos="24" EndBar="21" EndPos="38" Son="" EndArea="1|2" MoveTime="3" />
      <Note ID="75" note_type="PinballSingle" Bar="21" Pos="48" Son="" EndArea="3|4" MoveTime="3" />
      <Note ID="76" note_type="PinballSlip" Bar="21" Pos="48" Son="82" EndArea="1|2" MoveTime="3" />
      <Note ID="77" note_type="PinballLong" Bar="21" Pos="56" EndBar="22" EndPos="6" Son="" EndArea="3|4" MoveTime="3" />
      <Note ID="78" note_type="PinballSingle" Bar="22" Pos="16" Son="" EndArea="1|2" MoveTime="3" />
      <Note ID="79" note_type="PinballLong" Bar="22" Pos="24" EndBar="22" EndPos="38" Son="" EndArea="1|2" MoveTime="3" />
      <Note ID="80" note_type="PinballLong" Bar="22" Pos="40" EndBar="22" EndPos="54" Son="" EndArea="3|4" MoveTime="3" />
      <Note ID="81" note_type="PinballLong" Bar="22" Pos="56" EndBar="23" EndPos="8" Son="" EndArea="1|2" MoveTime="3" />
      <Note ID="82" note_type="PinballSlip" Bar="23" Pos="16" Son="" EndArea="3|4" MoveTime="3" />
      <Note ID="83" note_type="PinballSlip" Bar="23" Pos="24" Son="88" EndArea="1|2" MoveTime="3" />
      <Note ID="84" note_type="PinballSingle" Bar="23" Pos="48" Son="" EndArea="1|2" MoveTime="3" />
      <Note ID="85" note_type="PinballLong" Bar="23" Pos="48" EndBar="24" EndPos="32" Son="" EndArea="3|4" MoveTime="3" />
      <Note ID="86" note_type="PinballSingle" Bar="24" Pos="40" Son="" EndArea="1|2" MoveTime="3" />
      <Note ID="87" note_type="PinballSingle" Bar="24" Pos="48" Son="" EndArea="3|4" MoveTime="3" />
      <Note ID="88" note_type="PinballSlip" Bar="24" Pos="56" Son="" EndArea="1|2" MoveTime="3" />
      <Note ID="89" note_type="PinballLong" Bar="25" Pos="0" EndBar="25" EndPos="22" Son="" EndArea="3|4" MoveTime="3" />
      <Note ID="90" note_type="PinballSingle" Bar="25" Pos="24" Son="" EndArea="1|2" MoveTime="3" />
      <Note ID="91" note_type="PinballSingle" Bar="25" Pos="40" Son="" EndArea="3|4" MoveTime="3" />
      <Note ID="92" note_type="PinballLong" Bar="25" Pos="40" EndBar="25" EndPos="54" Son="" EndArea="1|2" MoveTime="3" />
      <Note ID="93" note_type="PinballSlip" Bar="25" Pos="56" Son="100" EndArea="3|4" MoveTime="3" />
      <Note ID="94" note_type="PinballLong" Bar="26" Pos="8" EndBar="26" EndPos="22" Son="" EndArea="3|4" MoveTime="3" />
      <Note ID="95" note_type="PinballSingle" Bar="26" Pos="8" Son="" EndArea="1|2" MoveTime="3" />
      <Note ID="96" note_type="PinballLong" Bar="26" Pos="24" EndBar="26" EndPos="40" Son="" EndArea="1|2" MoveTime="3" />
      <Note ID="97" note_type="PinballSeries" Bar="26" Pos="48" Son="98" EndArea="3|4" MoveTime="3" />
      <Note ID="98" note_type="PinballSeries" Bar="26" Pos="56" Son="" EndArea="3|4" MoveTime="3" />
      <Note ID="99" note_type="PinballSingle" Bar="27" Pos="0" Son="" EndArea="1|2" MoveTime="3" />
      <Note ID="100" note_type="PinballSlip" Bar="27" Pos="16" Son="" EndArea="1|2" MoveTime="3" />
      <Note ID="101" note_type="PinballSingle" Bar="27" Pos="24" Son="" EndArea="3|4" MoveTime="3" />
      <Note ID="102" note_type="PinballLong" Bar="27" Pos="40" EndBar="27" EndPos="54" Son="" EndArea="3|4" MoveTime="3" />
      <Note ID="103" note_type="PinballSlip" Bar="27" Pos="56" Son="112" EndArea="1|2" MoveTime="3" />
      <Note ID="104" note_type="PinballLong" Bar="28" Pos="8" EndBar="28" EndPos="22" Son="" EndArea="1|2" MoveTime="3" />
      <Note ID="105" note_type="PinballSlip" Bar="28" Pos="24" Son="116" EndArea="3|4" MoveTime="3" />
      <Note ID="106" note_type="PinballSingle" Bar="28" Pos="40" Son="" EndArea="1|2" MoveTime="3" />
      <Note ID="107" note_type="PinballSingle" Bar="28" Pos="48" Son="" EndArea="3|4" MoveTime="3" />
      <Note ID="108" note_type="PinballSingle" Bar="28" Pos="56" Son="" EndArea="1|2" MoveTime="3" />
      <Note ID="109" note_type="PinballSlip" Bar="29" Pos="0" Son="121" EndArea="3|4" MoveTime="3" />
      <Note ID="110" note_type="PinballSingle" Bar="29" Pos="8" Son="" EndArea="1|2" MoveTime="3" />
      <Note ID="111" note_type="PinballSingle" Bar="29" Pos="16" Son="" EndArea="3|4" MoveTime="3" />
      <Note ID="112" note_type="PinballSlip" Bar="29" Pos="24" Son="" EndArea="1|2" MoveTime="3" />
      <Note ID="113" note_type="PinballSlip" Bar="29" Pos="32" Son="122" EndArea="3|4" MoveTime="3" />
      <Note ID="114" note_type="PinballSingle" Bar="29" Pos="40" Son="" EndArea="1|2" MoveTime="3" />
      <Note ID="115" note_type="PinballSingle" Bar="29" Pos="48" Son="" EndArea="3|4" MoveTime="3" />
      <Note ID="116" note_type="PinballSlip" Bar="29" Pos="56" Son="" EndArea="1|2" MoveTime="3" />
      <Note ID="117" note_type="PinballSlip" Bar="30" Pos="0" Son="128" EndArea="3|4" MoveTime="3" />
      <Note ID="118" note_type="PinballSingle" Bar="30" Pos="8" Son="" EndArea="1|2" MoveTime="3" />
      <Note ID="119" note_type="PinballLong" Bar="30" Pos="16" EndBar="30" EndPos="32" Son="" EndArea="3|4" MoveTime="3" />
      <Note ID="120" note_type="PinballSingle" Bar="30" Pos="40" Son="" EndArea="3|4" MoveTime="3" />
      <Note ID="121" note_type="PinballSlip" Bar="30" Pos="48" Son="" EndArea="1|2" MoveTime="3" />
      <Note ID="122" note_type="PinballSlip" Bar="30" Pos="56" Son="" EndArea="3|4" MoveTime="3" />
      <Note ID="123" note_type="PinballSlip" Bar="31" Pos="0" Son="134" EndArea="1|2" MoveTime="3" />
      <Note ID="124" note_type="PinballSingle" Bar="31" Pos="8" Son="" EndArea="3|4" MoveTime="3" />
      <Note ID="125" note_type="PinballSingle" Bar="31" Pos="16" Son="" EndArea="1|2" MoveTime="3" />
      <Note ID="126" note_type="PinballSingle" Bar="31" Pos="24" Son="" EndArea="3|4" MoveTime="3" />
      <Note ID="127" note_type="PinballSlip" Bar="31" Pos="32" Son="136" EndArea="1|2" MoveTime="3" />
      <Note ID="128" note_type="PinballSlip" Bar="31" Pos="40" Son="" EndArea="3|4" MoveTime="3" />
      <Note ID="129" note_type="PinballSingle" Bar="31" Pos="48" Son="" EndArea="1|2" MoveTime="3" />
      <Note ID="130" note_type="PinballSingle" Bar="31" Pos="56" Son="" EndArea="3|4" MoveTime="3" />
      <Note ID="131" note_type="PinballSlip" Bar="32" Pos="0" Son="138" EndArea="1|2" MoveTime="3" />
      <Note ID="132" note_type="PinballSingle" Bar="32" Pos="8" Son="" EndArea="3|4" MoveTime="3" />
      <Note ID="133" note_type="PinballLong" Bar="32" Pos="16" EndBar="32" EndPos="32" Son="" EndArea="1|2" MoveTime="3" />
      <Note ID="134" note_type="PinballSlip" Bar="32" Pos="40" Son="" EndArea="3|4" MoveTime="3" />
      <Note ID="135" note_type="PinballSingle" Bar="32" Pos="48" Son="" EndArea="3|4" MoveTime="3" />
      <Note ID="136" note_type="PinballSlip" Bar="32" Pos="56" Son="" EndArea="1|2" MoveTime="3" />
      <Note ID="137" note_type="PinballLong" Bar="33" Pos="0" EndBar="33" EndPos="22" Son="" EndArea="1|2" MoveTime="3" />
      <Note ID="138" note_type="PinballSlip" Bar="33" Pos="24" Son="" EndArea="3|4" MoveTime="3" />
      <Note ID="139" note_type="PinballLong" Bar="33" Pos="40" EndBar="33" EndPos="54" Son="" EndArea="3|4" MoveTime="3" />
      <Note ID="140" note_type="PinballSlip" Bar="33" Pos="40" Son="148" EndArea="1|2" MoveTime="3" />
      <Note ID="141" note_type="PinballLong" Bar="33" Pos="56" EndBar="34" EndPos="6" Son="" EndArea="1|2" MoveTime="3" />
      <Note ID="142" note_type="PinballSingle" Bar="34" Pos="8" Son="" EndArea="3|4" MoveTime="3" />
      <Note ID="143" note_type="PinballLong" Bar="34" Pos="24" EndBar="34" EndPos="46" Son="" EndArea="3|4" MoveTime="3" />
      <Note ID="144" note_type="PinballSlip" Bar="34" Pos="24" Son="151" EndArea="1|2" MoveTime="3" />
      <Note ID="145" note_type="PinballSeries" Bar="34" Pos="48" Son="146" EndArea="1|2" MoveTime="3" />
      <Note ID="146" note_type="PinballSeries" Bar="34" Pos="56" Son="" EndArea="1|2" MoveTime="3" />
      <Note ID="147" note_type="PinballLong" Bar="35" Pos="0" EndBar="35" EndPos="14" Son="" EndArea="3|4" MoveTime="3" />
      <Note ID="148" note_type="PinballSlip" Bar="35" Pos="16" Son="" EndArea="1|2" MoveTime="3" />
      <Note ID="149" note_type="PinballSingle" Bar="35" Pos="24" Son="" EndArea="3|4" MoveTime="3" />
      <Note ID="150" note_type="PinballLong" Bar="35" Pos="40" EndBar="35" EndPos="54" Son="" EndArea="1|2" MoveTime="3" />
      <Note ID="151" note_type="PinballSlip" Bar="35" Pos="56" Son="" EndArea="3|4" MoveTime="3" />
      <Note ID="152" note_type="PinballSingle" Bar="36" Pos="8" Son="" EndArea="1|2" MoveTime="3" />
      <Note ID="153" note_type="PinballSlip" Bar="36" Pos="16" Son="162" EndArea="3|4" MoveTime="3" />
      <Note ID="154" note_type="PinballSingle" Bar="36" Pos="24" Son="" EndArea="1|2" MoveTime="3" />
      <Note ID="155" note_type="PinballSlip" Bar="36" Pos="40" Son="165" EndArea="1|2" MoveTime="3" />
      <Note ID="156" note_type="PinballLong" Bar="36" Pos="48" EndBar="36" EndPos="62" Son="" EndArea="3|4" MoveTime="3" />
      <Note ID="157" note_type="PinballSeries" Bar="37" Pos="8" Son="158" EndArea="3|4" MoveTime="3" />
      <Note ID="158" note_type="PinballSeries" Bar="37" Pos="16" Son="" EndArea="3|4" MoveTime="3" />
      <Note ID="159" note_type="PinballSingle" Bar="37" Pos="24" Son="" EndArea="1|2" MoveTime="3" />
      <Note ID="160" note_type="PinballSlip" Bar="37" Pos="32" Son="171" EndArea="3|4" MoveTime="3" />
      <Note ID="161" note_type="PinballSingle" Bar="37" Pos="40" Son="" EndArea="1|2" MoveTime="3" />
      <Note ID="162" note_type="PinballSlip" Bar="37" Pos="48" Son="" EndArea="1|2" MoveTime="3" />
      <Note ID="163" note_type="PinballSingle" Bar="37" Pos="56" Son="" EndArea="3|4" MoveTime="3" />
      <Note ID="164" note_type="PinballSlip" Bar="38" Pos="0" Son="175" EndArea="1|2" MoveTime="3" />
      <Note ID="165" note_type="PinballSlip" Bar="38" Pos="8" Son="" EndArea="3|4" MoveTime="3" />
      <Note ID="166" note_type="PinballSingle" Bar="38" Pos="16" Son="" EndArea="3|4" MoveTime="3" />
      <Note ID="167" note_type="PinballSingle" Bar="38" Pos="24" Son="" EndArea="1|2" MoveTime="3" />
      <Note ID="168" note_type="PinballSlip" Bar="38" Pos="32" Son="177" EndArea="3|4" MoveTime="3" />
      <Note ID="169" note_type="PinballSingle" Bar="38" Pos="40" Son="" EndArea="1|2" MoveTime="3" />
      <Note ID="170" note_type="PinballLong" Bar="38" Pos="48" EndBar="38" EndPos="62" Son="" EndArea="1|2" MoveTime="3" />
      <Note ID="171" note_type="PinballSlip" Bar="39" Pos="8" Son="" EndArea="1|2" MoveTime="3" />
      <Note ID="172" note_type="PinballSingle" Bar="39" Pos="16" Son="" EndArea="1|2" MoveTime="3" />
      <Note ID="173" note_type="PinballSingle" Bar="39" Pos="24" Son="" EndArea="3|4" MoveTime="3" />
      <Note ID="174" note_type="PinballSingle" Bar="39" Pos="32" Son="" EndArea="1|2" MoveTime="3" />
      <Note ID="175" note_type="PinballSlip" Bar="39" Pos="40" Son="" EndArea="3|4" MoveTime="3" />
      <Note ID="176" note_type="PinballSingle" Bar="39" Pos="48" Son="" EndArea="3|4" MoveTime="3" />
      <Note ID="177" note_type="PinballSlip" Bar="39" Pos="56" Son="" EndArea="1|2" MoveTime="3" />
      <Note ID="178" note_type="PinballSingle" Bar="40" Pos="0" Son="" EndArea="1|2" MoveTime="3" />
      <Note ID="179" note_type="PinballSeries" Bar="40" Pos="8" Son="180" EndArea="3|4" MoveTime="3" />
      <Note ID="180" note_type="PinballSeries" Bar="40" Pos="16" Son="" EndArea="3|4" MoveTime="3" />
      <Note ID="181" note_type="PinballSingle" Bar="40" Pos="24" Son="" EndArea="1|2" MoveTime="3" />
      <Note ID="182" note_type="PinballLong" Bar="40" Pos="32" EndBar="40" EndPos="46" Son="" EndArea="1|2" MoveTime="3" />
      <Note ID="183" note_type="PinballSingle" Bar="40" Pos="48" Son="" EndArea="3|4" MoveTime="3" />
      <Note ID="184" note_type="PinballSingle" Bar="40" Pos="56" Son="" EndArea="1|2" MoveTime="3" />
      <Note ID="185" note_type="PinballSingle" Bar="47" Pos="0" Son="" EndArea="1|2" MoveTime="3" />
      <Note ID="186" note_type="PinballSingle" Bar="47" Pos="16" Son="" EndArea="3|4" MoveTime="3" />
      <Note ID="187" note_type="PinballSlip" Bar="47" Pos="32" Son="191" EndArea="1|2" MoveTime="3" />
      <Note ID="188" note_type="PinballLong" Bar="47" Pos="48" EndBar="48" EndPos="0" Son="" EndArea="3|4" MoveTime="3" />
      <Note ID="189" note_type="PinballSlip" Bar="48" Pos="16" Son="194" EndArea="1|2" MoveTime="3" />
      <Note ID="190" note_type="PinballLong" Bar="48" Pos="32" EndBar="48" EndPos="48" Son="" EndArea="1|2" MoveTime="3" />
      <Note ID="191" note_type="PinballSlip" Bar="49" Pos="0" Son="" EndArea="3|4" MoveTime="3" />
      <Note ID="192" note_type="PinballSingle" Bar="49" Pos="16" Son="" EndArea="1|2" MoveTime="3" />
      <Note ID="193" note_type="PinballSingle" Bar="49" Pos="32" Son="" EndArea="3|4" MoveTime="3" />
      <Note ID="194" note_type="PinballSlip" Bar="49" Pos="48" Son="" EndArea="1|2" MoveTime="3" />
      <Note ID="195" note_type="PinballLong" Bar="49" Pos="56" EndBar="50" EndPos="6" Son="" EndArea="1|2" MoveTime="3" />
      <Note ID="196" note_type="PinballSlip" Bar="50" Pos="8" Son="199" EndArea="3|4" MoveTime="3" />
      <Note ID="197" note_type="PinballSlip" Bar="50" Pos="24" Son="200" EndArea="1|2" MoveTime="3" />
      <Note ID="198" note_type="PinballLong" Bar="50" Pos="32" EndBar="51" EndPos="30" Son="" EndArea="3|4" MoveTime="3" />
      <Note ID="199" note_type="PinballSlip" Bar="51" Pos="32" Son="" EndArea="1|2" MoveTime="3" />
      <Note ID="200" note_type="PinballSlip" Bar="51" Pos="48" Son="" EndArea="3|4" MoveTime="3" />
      <Note ID="201" note_type="PinballSingle" Bar="51" Pos="56" Son="" EndArea="1|2" MoveTime="3" />
      <Note ID="202" note_type="PinballSingle" Bar="52" Pos="8" Son="" EndArea="1|2" MoveTime="3" />
      <Note ID="203" note_type="PinballSingle" Bar="52" Pos="24" Son="" EndArea="3|4" MoveTime="3" />
      <Note ID="204" note_type="PinballSingle" Bar="52" Pos="40" Son="" EndArea="3|4" MoveTime="3" />
      <Note ID="205" note_type="PinballSingle" Bar="52" Pos="56" Son="" EndArea="1|2" MoveTime="3" />
      <Note ID="206" note_type="PinballSingle" Bar="53" Pos="8" Son="" EndArea="1|2" MoveTime="3" />
      <Note ID="207" note_type="PinballLong" Bar="53" Pos="24" EndBar="54" EndPos="24" Son="" EndArea="3|4" MoveTime="3" />
      <Note ID="208" note_type="PinballLong" Bar="55" Pos="0" EndBar="56" EndPos="0" Son="" EndArea="3|4" MoveTime="3" />
      <Note ID="209" note_type="PinballSeries" Bar="56" Pos="48" Son="210" EndArea="1|2" MoveTime="3" />
      <Note ID="210" note_type="PinballSeries" Bar="56" Pos="56" Son="" EndArea="1|2" MoveTime="3" />
      <Note ID="211" note_type="PinballLong" Bar="57" Pos="0" EndBar="57" EndPos="30" Son="" EndArea="3|4" MoveTime="3" />
      <Note ID="212" note_type="PinballSlip" Bar="57" Pos="32" Son="219" EndArea="1|2" MoveTime="3" />
      <Note ID="213" note_type="PinballSingle" Bar="57" Pos="48" Son="" EndArea="3|4" MoveTime="3" />
      <Note ID="214" note_type="PinballLong" Bar="57" Pos="56" EndBar="58" EndPos="6" Son="" EndArea="1|2" MoveTime="3" />
      <Note ID="215" note_type="PinballSingle" Bar="58" Pos="8" Son="" EndArea="3|4" MoveTime="3" />
      <Note ID="216" note_type="PinballLong" Bar="58" Pos="24" EndBar="58" EndPos="40" Son="" EndArea="3|4" MoveTime="3" />
      <Note ID="217" note_type="PinballSingle" Bar="58" Pos="48" Son="" EndArea="1|2" MoveTime="3" />
      <Note ID="218" note_type="PinballLong" Bar="58" Pos="56" EndBar="59" EndPos="8" Son="" EndArea="1|2" MoveTime="3" />
      <Note ID="219" note_type="PinballSlip" Bar="59" Pos="16" Son="" EndArea="3|4" MoveTime="3" />
      <Note ID="220" note_type="PinballSeries" Bar="59" Pos="32" Son="221" EndArea="1|2" MoveTime="3" />
      <Note ID="221" note_type="PinballSeries" Bar="59" Pos="40" Son="" EndArea="1|2" MoveTime="3" />
      <Note ID="222" note_type="PinballSingle" Bar="59" Pos="56" Son="" EndArea="3|4" MoveTime="3" />
      <Note ID="223" note_type="PinballSlip" Bar="60" Pos="8" Son="229" EndArea="3|4" MoveTime="3" />
      <Note ID="224" note_type="PinballSingle" Bar="60" Pos="24" Son="" EndArea="1|2" MoveTime="3" />
      <Note ID="225" note_type="PinballSingle" Bar="60" Pos="40" Son="" EndArea="1|2" MoveTime="3" />
      <Note ID="226" note_type="PinballSingle" Bar="60" Pos="48" Son="" EndArea="1|2" MoveTime="3" />
      <Note ID="227" note_type="PinballLong" Bar="60" Pos="56" EndBar="61" EndPos="8" Son="" EndArea="3|4" MoveTime="3" />
      <Note ID="228" note_type="PinballSingle" Bar="61" Pos="16" Son="" EndArea="1|2" MoveTime="3" />
      <Note ID="229" note_type="PinballSlip" Bar="61" Pos="32" Son="" EndArea="1|2" MoveTime="3" />
      <Note ID="230" note_type="PinballSlip" Bar="61" Pos="40" Son="236" EndArea="3|4" MoveTime="3" />
      <Note ID="231" note_type="PinballSingle" Bar="61" Pos="56" Son="" EndArea="1|2" MoveTime="3" />
      <Note ID="232" note_type="PinballLong" Bar="62" Pos="8" EndBar="62" EndPos="22" Son="" EndArea="3|4" MoveTime="3" />
      <Note ID="233" note_type="PinballSingle" Bar="62" Pos="24" Son="" EndArea="1|2" MoveTime="3" />
      <Note ID="234" note_type="PinballSingle" Bar="62" Pos="48" Son="" EndArea="1|2" MoveTime="3" />
      <Note ID="235" note_type="PinballLong" Bar="62" Pos="56" EndBar="63" EndPos="6" Son="" EndArea="1|2" MoveTime="3" />
      <Note ID="236" note_type="PinballSlip" Bar="63" Pos="8" Son="" EndArea="3|4" MoveTime="3" />
      <Note ID="237" note_type="PinballLong" Bar="63" Pos="24" EndBar="63" EndPos="38" Son="" EndArea="1|2" MoveTime="3" />
      <Note ID="238" note_type="PinballSlip" Bar="63" Pos="40" Son="245" EndArea="3|4" MoveTime="3" />
      <Note ID="239" note_type="PinballLong" Bar="63" Pos="56" EndBar="64" EndPos="6" Son="" EndArea="1|2" MoveTime="3" />
      <Note ID="240" note_type="PinballSingle" Bar="64" Pos="8" Son="" EndArea="3|4" MoveTime="3" />
      <Note ID="241" note_type="PinballSlip" Bar="64" Pos="24" Son="249" EndArea="1|2" MoveTime="3" />
      <Note ID="242" note_type="PinballSingle" Bar="64" Pos="32" Son="" EndArea="3|4" MoveTime="3" />
      <Note ID="243" note_type="PinballSingle" Bar="64" Pos="40" Son="" EndArea="1|2" MoveTime="3" />
      <Note ID="244" note_type="PinballLong" Bar="64" Pos="48" EndBar="65" EndPos="0" Son="" EndArea="3|4" MoveTime="3" />
      <Note ID="245" note_type="PinballSlip" Bar="65" Pos="16" Son="" EndArea="1|2" MoveTime="3" />
      <Note ID="246" note_type="PinballSlip" Bar="65" Pos="24" Son="254" EndArea="3|4" MoveTime="3" />
      <Note ID="247" note_type="PinballSingle" Bar="65" Pos="32" Son="" EndArea="1|2" MoveTime="3" />
      <Note ID="248" note_type="PinballLong" Bar="65" Pos="40" EndBar="65" EndPos="54" Son="" EndArea="1|2" MoveTime="3" />
      <Note ID="249" note_type="PinballSlip" Bar="65" Pos="56" Son="" EndArea="3|4" MoveTime="3" />
      <Note ID="250" note_type="PinballSingle" Bar="66" Pos="8" Son="" EndArea="3|4" MoveTime="3" />
      <Note ID="251" note_type="PinballSingle" Bar="66" Pos="24" Son="" EndArea="1|2" MoveTime="3" />
      <Note ID="252" note_type="PinballSlip" Bar="66" Pos="40" Son="258" EndArea="3|4" MoveTime="3" />
      <Note ID="253" note_type="PinballSingle" Bar="66" Pos="48" Son="" EndArea="1|2" MoveTime="3" />
      <Note ID="254" note_type="PinballSlip" Bar="66" Pos="56" Son="" EndArea="3|4" MoveTime="3" />
      <Note ID="255" note_type="PinballSingle" Bar="67" Pos="0" Son="" EndArea="1|2" MoveTime="3" />
      <Note ID="256" note_type="PinballLong" Bar="67" Pos="8" EndBar="67" EndPos="40" Son="" EndArea="3|4" MoveTime="3" />
      <Note ID="257" note_type="PinballSingle" Bar="67" Pos="56" Son="" EndArea="1|2" MoveTime="3" />
      <Note ID="258" note_type="PinballSlip" Bar="68" Pos="8" Son="" EndArea="1|2" MoveTime="3" />
      <Note ID="259" note_type="PinballSlip" Bar="68" Pos="24" Son="264" EndArea="3|4" MoveTime="3" />
      <Note ID="260" note_type="PinballSingle" Bar="68" Pos="40" Son="" EndArea="3|4" MoveTime="3" />
      <Note ID="261" note_type="PinballLong" Bar="68" Pos="56" EndBar="69" EndPos="14" Son="" EndArea="1|2" MoveTime="3" />
      <Note ID="262" note_type="PinballSingle" Bar="69" Pos="16" Son="" EndArea="3|4" MoveTime="3" />
      <Note ID="263" note_type="PinballLong" Bar="69" Pos="24" EndBar="69" EndPos="38" Son="" EndArea="3|4" MoveTime="3" />
      <Note ID="264" note_type="PinballSlip" Bar="69" Pos="48" Son="" EndArea="1|2" MoveTime="3" />
      <Note ID="265" note_type="PinballLong" Bar="69" Pos="56" EndBar="70" EndPos="6" Son="" EndArea="1|2" MoveTime="3" />
      <Note ID="266" note_type="PinballSlip" Bar="70" Pos="16" Son="274" EndArea="1|2" MoveTime="3" />
      <Note ID="267" note_type="PinballSingle" Bar="70" Pos="16" Son="" EndArea="3|4" MoveTime="3" />
      <Note ID="268" note_type="PinballLong" Bar="70" Pos="24" EndBar="70" EndPos="38" Son="" EndArea="3|4" MoveTime="3" />
      <Note ID="269" note_type="PinballSingle" Bar="70" Pos="48" Son="" EndArea="1|2" MoveTime="3" />
      <Note ID="270" note_type="PinballSingle" Bar="70" Pos="48" Son="" EndArea="3|4" MoveTime="3" />
      <Note ID="271" note_type="PinballLong" Bar="70" Pos="56" EndBar="71" EndPos="6" Son="" EndArea="1|2" MoveTime="3" />
      <Note ID="272" note_type="PinballSingle" Bar="71" Pos="16" Son="" EndArea="1|2" MoveTime="3" />
      <Note ID="273" note_type="PinballSingle" Bar="71" Pos="32" Son="" EndArea="3|4" MoveTime="3" />
      <Note ID="274" note_type="PinballSlip" Bar="71" Pos="48" Son="" EndArea="3|4" MoveTime="3" />
      <Note ID="275" note_type="PinballLong" Bar="71" Pos="56" EndBar="72" EndPos="48" Son="" EndArea="3|4" MoveTime="3" />
      <Note ID="276" note_type="PinballLong" Bar="72" Pos="56" EndBar="73" EndPos="56" Son="" EndArea="1|2" MoveTime="3" />
      <Note ID="277" note_type="PinballSingle" Bar="74" Pos="40" Son="" EndArea="3|4" MoveTime="3" />
      <Note ID="278" note_type="PinballSingle" Bar="74" Pos="48" Son="" EndArea="1|2" MoveTime="3" />
      <Note ID="279" note_type="PinballSingle" Bar="74" Pos="56" Son="" EndArea="3|4" MoveTime="3" />
      <Note ID="280" note_type="PinballLong" Bar="75" Pos="0" EndBar="75" EndPos="22" Son="" EndArea="1|2" MoveTime="3" />
      <Note ID="281" note_type="PinballSingle" Bar="75" Pos="24" Son="" EndArea="3|4" MoveTime="3" />
      <Note ID="282" note_type="PinballLong" Bar="75" Pos="40" EndBar="75" EndPos="54" Son="" EndArea="3|4" MoveTime="3" />
      <Note ID="283" note_type="PinballSingle" Bar="75" Pos="40" Son="" EndArea="1|2" MoveTime="3" />
      <Note ID="284" note_type="PinballSlip" Bar="75" Pos="56" Son="291" EndArea="1|2" MoveTime="3" />
      <Note ID="285" note_type="PinballSingle" Bar="76" Pos="8" Son="" EndArea="3|4" MoveTime="3" />
      <Note ID="286" note_type="PinballLong" Bar="76" Pos="8" EndBar="76" EndPos="22" Son="" EndArea="1|2" MoveTime="3" />
      <Note ID="287" note_type="PinballLong" Bar="76" Pos="24" EndBar="76" EndPos="40" Son="" EndArea="3|4" MoveTime="3" />
      <Note ID="288" note_type="PinballSeries" Bar="76" Pos="48" Son="289" EndArea="1|2" MoveTime="3" />
      <Note ID="289" note_type="PinballSeries" Bar="76" Pos="56" Son="" EndArea="1|2" MoveTime="3" />
      <Note ID="290" note_type="PinballSingle" Bar="77" Pos="0" Son="" EndArea="3|4" MoveTime="3" />
      <Note ID="291" note_type="PinballSlip" Bar="77" Pos="16" Son="" EndArea="3|4" MoveTime="3" />
      <Note ID="292" note_type="PinballSingle" Bar="77" Pos="24" Son="" EndArea="1|2" MoveTime="3" />
      <Note ID="293" note_type="PinballLong" Bar="77" Pos="40" EndBar="77" EndPos="54" Son="" EndArea="1|2" MoveTime="3" />
      <Note ID="294" note_type="PinballSlip" Bar="77" Pos="56" Son="303" EndArea="3|4" MoveTime="3" />
      <Note ID="295" note_type="PinballLong" Bar="78" Pos="8" EndBar="78" EndPos="22" Son="" EndArea="3|4" MoveTime="3" />
      <Note ID="296" note_type="PinballSlip" Bar="78" Pos="24" Son="307" EndArea="1|2" MoveTime="3" />
      <Note ID="297" note_type="PinballSingle" Bar="78" Pos="40" Son="" EndArea="3|4" MoveTime="3" />
      <Note ID="298" note_type="PinballSingle" Bar="78" Pos="48" Son="" EndArea="1|2" MoveTime="3" />
      <Note ID="299" note_type="PinballSingle" Bar="78" Pos="56" Son="" EndArea="3|4" MoveTime="3" />
      <Note ID="300" note_type="PinballSlip" Bar="79" Pos="0" Son="312" EndArea="1|2" MoveTime="3" />
      <Note ID="301" note_type="PinballSingle" Bar="79" Pos="8" Son="" EndArea="3|4" MoveTime="3" />
      <Note ID="302" note_type="PinballSingle" Bar="79" Pos="16" Son="" EndArea="1|2" MoveTime="3" />
      <Note ID="303" note_type="PinballSlip" Bar="79" Pos="24" Son="" EndArea="3|4" MoveTime="3" />
      <Note ID="304" note_type="PinballSlip" Bar="79" Pos="32" Son="313" EndArea="1|2" MoveTime="3" />
      <Note ID="305" note_type="PinballSingle" Bar="79" Pos="40" Son="" EndArea="3|4" MoveTime="3" />
      <Note ID="306" note_type="PinballSingle" Bar="79" Pos="48" Son="" EndArea="1|2" MoveTime="3" />
      <Note ID="307" note_type="PinballSlip" Bar="79" Pos="56" Son="" EndArea="3|4" MoveTime="3" />
      <Note ID="308" note_type="PinballSlip" Bar="80" Pos="0" Son="319" EndArea="1|2" MoveTime="3" />
      <Note ID="309" note_type="PinballSingle" Bar="80" Pos="8" Son="" EndArea="3|4" MoveTime="3" />
      <Note ID="310" note_type="PinballLong" Bar="80" Pos="16" EndBar="80" EndPos="32" Son="" EndArea="1|2" MoveTime="3" />
      <Note ID="311" note_type="PinballSingle" Bar="80" Pos="40" Son="" EndArea="1|2" MoveTime="3" />
      <Note ID="312" note_type="PinballSlip" Bar="80" Pos="48" Son="" EndArea="3|4" MoveTime="3" />
      <Note ID="313" note_type="PinballSlip" Bar="80" Pos="56" Son="" EndArea="1|2" MoveTime="3" />
      <Note ID="314" note_type="PinballSlip" Bar="81" Pos="0" Son="325" EndArea="3|4" MoveTime="3" />
      <Note ID="315" note_type="PinballSingle" Bar="81" Pos="8" Son="" EndArea="1|2" MoveTime="3" />
      <Note ID="316" note_type="PinballSingle" Bar="81" Pos="16" Son="" EndArea="3|4" MoveTime="3" />
      <Note ID="317" note_type="PinballSingle" Bar="81" Pos="24" Son="" EndArea="1|2" MoveTime="3" />
      <Note ID="318" note_type="PinballSlip" Bar="81" Pos="32" Son="327" EndArea="3|4" MoveTime="3" />
      <Note ID="319" note_type="PinballSlip" Bar="81" Pos="40" Son="" EndArea="1|2" MoveTime="3" />
      <Note ID="320" note_type="PinballSingle" Bar="81" Pos="48" Son="" EndArea="3|4" MoveTime="3" />
      <Note ID="321" note_type="PinballSingle" Bar="81" Pos="56" Son="" EndArea="1|2" MoveTime="3" />
      <Note ID="322" note_type="PinballSlip" Bar="82" Pos="0" Son="329" EndArea="3|4" MoveTime="3" />
      <Note ID="323" note_type="PinballSingle" Bar="82" Pos="8" Son="" EndArea="1|2" MoveTime="3" />
      <Note ID="324" note_type="PinballLong" Bar="82" Pos="16" EndBar="82" EndPos="32" Son="" EndArea="3|4" MoveTime="3" />
      <Note ID="325" note_type="PinballSlip" Bar="82" Pos="40" Son="" EndArea="1|2" MoveTime="3" />
      <Note ID="326" note_type="PinballSingle" Bar="82" Pos="48" Son="" EndArea="1|2" MoveTime="3" />
      <Note ID="327" note_type="PinballSlip" Bar="82" Pos="56" Son="" EndArea="3|4" MoveTime="3" />
      <Note ID="328" note_type="PinballLong" Bar="83" Pos="0" EndBar="83" EndPos="22" Son="" EndArea="3|4" MoveTime="3" />
      <Note ID="329" note_type="PinballSlip" Bar="83" Pos="24" Son="" EndArea="1|2" MoveTime="3" />
      <Note ID="330" note_type="PinballSlip" Bar="83" Pos="40" Son="339" EndArea="3|4" MoveTime="3" />
      <Note ID="331" note_type="PinballLong" Bar="83" Pos="40" EndBar="83" EndPos="54" Son="" EndArea="1|2" MoveTime="3" />
      <Note ID="332" note_type="PinballLong" Bar="83" Pos="56" EndBar="84" EndPos="6" Son="" EndArea="3|4" MoveTime="3" />
      <Note ID="333" note_type="PinballSingle" Bar="84" Pos="8" Son="" EndArea="1|2" MoveTime="3" />
      <Note ID="334" note_type="PinballLong" Bar="84" Pos="24" EndBar="84" EndPos="46" Son="" EndArea="1|2" MoveTime="3" />
      <Note ID="335" note_type="PinballSlip" Bar="84" Pos="24" Son="342" EndArea="3|4" MoveTime="3" />
      <Note ID="336" note_type="PinballSingle" Bar="84" Pos="48" Son="" EndArea="3|4" MoveTime="3" />
      <Note ID="337" note_type="PinballSingle" Bar="84" Pos="56" Son="" EndArea="3|4" MoveTime="3" />
      <Note ID="338" note_type="PinballLong" Bar="85" Pos="0" EndBar="85" EndPos="14" Son="" EndArea="1|2" MoveTime="3" />
      <Note ID="339" note_type="PinballSlip" Bar="85" Pos="16" Son="" EndArea="3|4" MoveTime="3" />
      <Note ID="340" note_type="PinballSingle" Bar="85" Pos="24" Son="" EndArea="1|2" MoveTime="3" />
      <Note ID="341" note_type="PinballLong" Bar="85" Pos="40" EndBar="85" EndPos="54" Son="" EndArea="3|4" MoveTime="3" />
      <Note ID="342" note_type="PinballSlip" Bar="85" Pos="56" Son="" EndArea="1|2" MoveTime="3" />
      <Note ID="343" note_type="PinballSingle" Bar="86" Pos="8" Son="" EndArea="3|4" MoveTime="3" />
      <Note ID="344" note_type="PinballSlip" Bar="86" Pos="16" Son="353" EndArea="1|2" MoveTime="3" />
      <Note ID="345" note_type="PinballSingle" Bar="86" Pos="24" Son="" EndArea="3|4" MoveTime="3" />
      <Note ID="346" note_type="PinballSlip" Bar="86" Pos="40" Son="356" EndArea="3|4" MoveTime="3" />
      <Note ID="347" note_type="PinballLong" Bar="86" Pos="48" EndBar="87" EndPos="0" Son="" EndArea="1|2" MoveTime="3" />
      <Note ID="348" note_type="PinballSingle" Bar="87" Pos="8" Son="" EndArea="1|2" MoveTime="3" />
      <Note ID="349" note_type="PinballSingle" Bar="87" Pos="16" Son="" EndArea="1|2" MoveTime="3" />
      <Note ID="350" note_type="PinballSingle" Bar="87" Pos="24" Son="" EndArea="3|4" MoveTime="3" />
      <Note ID="351" note_type="PinballSlip" Bar="87" Pos="32" Son="362" EndArea="1|2" MoveTime="3" />
      <Note ID="352" note_type="PinballSingle" Bar="87" Pos="40" Son="" EndArea="3|4" MoveTime="3" />
      <Note ID="353" note_type="PinballSlip" Bar="87" Pos="48" Son="" EndArea="1|2" MoveTime="3" />
      <Note ID="354" note_type="PinballSingle" Bar="87" Pos="56" Son="" EndArea="1|2" MoveTime="3" />
      <Note ID="355" note_type="PinballSlip" Bar="88" Pos="0" Son="366" EndArea="3|4" MoveTime="3" />
      <Note ID="356" note_type="PinballSlip" Bar="88" Pos="8" Son="" EndArea="1|2" MoveTime="3" />
      <Note ID="357" note_type="PinballSingle" Bar="88" Pos="16" Son="" EndArea="1|2" MoveTime="3" />
      <Note ID="358" note_type="PinballSingle" Bar="88" Pos="24" Son="" EndArea="3|4" MoveTime="3" />
      <Note ID="359" note_type="PinballSlip" Bar="88" Pos="32" Son="368" EndArea="1|2" MoveTime="3" />
      <Note ID="360" note_type="PinballSingle" Bar="88" Pos="40" Son="" EndArea="3|4" MoveTime="3" />
      <Note ID="361" note_type="PinballLong" Bar="88" Pos="48" EndBar="89" EndPos="0" Son="" EndArea="1|2" MoveTime="3" />
      <Note ID="362" note_type="PinballSlip" Bar="89" Pos="8" Son="" EndArea="3|4" MoveTime="3" />
      <Note ID="363" note_type="PinballSingle" Bar="89" Pos="16" Son="" EndArea="3|4" MoveTime="3" />
      <Note ID="364" note_type="PinballSingle" Bar="89" Pos="24" Son="" EndArea="1|2" MoveTime="3" />
      <Note ID="365" note_type="PinballSlip" Bar="89" Pos="32" Son="374" EndArea="3|4" MoveTime="3" />
      <Note ID="366" note_type="PinballSlip" Bar="89" Pos="40" Son="" EndArea="1|2" MoveTime="3" />
      <Note ID="367" note_type="PinballSingle" Bar="89" Pos="48" Son="" EndArea="3|4" MoveTime="3" />
      <Note ID="368" note_type="PinballSlip" Bar="89" Pos="56" Son="" EndArea="3|4" MoveTime="3" />
      <Note ID="369" note_type="PinballSlip" Bar="90" Pos="0" Son="376" EndArea="1|2" MoveTime="3" />
      <Note ID="370" note_type="PinballSingle" Bar="90" Pos="8" Son="" EndArea="3|4" MoveTime="3" />
      <Note ID="371" note_type="PinballSingle" Bar="90" Pos="16" Son="" EndArea="1|2" MoveTime="3" />
      <Note ID="372" note_type="PinballSingle" Bar="90" Pos="24" Son="" EndArea="3|4" MoveTime="3" />
      <Note ID="373" note_type="PinballLong" Bar="90" Pos="32" EndBar="90" EndPos="48" Son="" EndArea="1|2" MoveTime="3" />
      <Note ID="374" note_type="PinballSlip" Bar="90" Pos="48" Son="" EndArea="3|4" MoveTime="3" />
      <Note ID="375" note_type="PinballLong" Bar="90" Pos="56" EndBar="91" EndPos="48" Son="" EndArea="3|4" MoveTime="3" />
      <Note ID="376" note_type="PinballSlip" Bar="91" Pos="32" Son="" EndArea="1|2" MoveTime="3" />
      <Note ID="377" note_type="PinballLong" Bar="91" Pos="56" EndBar="92" EndPos="46" Son="" EndArea="1|2" MoveTime="3" />
      <Note ID="378" note_type="PinballLong" Bar="92" Pos="48" EndBar="93" EndPos="46" Son="" EndArea="3|4" MoveTime="3" />
      <Note ID="379" note_type="PinballLong" Bar="93" Pos="48" EndBar="94" EndPos="46" Son="" EndArea="1|2" MoveTime="3" />
      <Note ID="380" note_type="PinballLong" Bar="94" Pos="48" EndBar="95" EndPos="14" Son="" EndArea="3|4" MoveTime="3" />
      <Note ID="381" note_type="PinballLong" Bar="95" Pos="16" EndBar="96" EndPos="16" Son="" EndArea="1|2" MoveTime="3" />
      <Note ID="382" note_type="PinballLong" Bar="96" Pos="48" EndBar="96" EndPos="62" Son="" EndArea="3|4" MoveTime="3" />
      <Note ID="383" note_type="PinballSingle" Bar="97" Pos="0" Son="" EndArea="1|2" MoveTime="3" />
      <Note ID="384" note_type="PinballSeries" Bar="97" Pos="16" Son="385" EndArea="3|4" MoveTime="3" />
      <Note ID="385" note_type="PinballSeries" Bar="97" Pos="24" Son="" EndArea="3|4" MoveTime="3" />
      <Note ID="386" note_type="PinballSingle" Bar="97" Pos="40" Son="" EndArea="3|4" MoveTime="3" />
      <Note ID="387" note_type="PinballLong" Bar="97" Pos="48" EndBar="98" EndPos="46" Son="" EndArea="1|2" MoveTime="3" />
    </Normal>
  </NoteInfo>
  <ActionSeq type="1">
    <ActionList start_bar="5" dance_len="1" seq_len="4" level="2" type="" />
    <ActionList start_bar="9" dance_len="2" seq_len="4" level="2" type="" />
    <ActionList start_bar="13" dance_len="2" seq_len="4" level="2" type="" />
    <ActionList start_bar="17" dance_len="2" seq_len="4" level="2" type="" />
    <ActionList start_bar="21" dance_len="2" seq_len="4" level="2" type="" />
    <ActionList start_bar="25" dance_len="2" seq_len="8" level="2" type="" />
    <ActionList start_bar="33" dance_len="2" seq_len="8" level="2" type="" />
    <ActionList start_bar="41" dance_len="4" seq_len="4" level="2" type="" />
    <ActionList start_bar="45" dance_len="1" seq_len="4" level="2" type="" />
    <ActionList start_bar="49" dance_len="2" seq_len="4" level="2" type="" />
    <ActionList start_bar="53" dance_len="2" seq_len="4" level="2" type="" />
    <ActionList start_bar="57" dance_len="2" seq_len="8" level="2" type="" />
    <ActionList start_bar="65" dance_len="2" seq_len="4" level="2" type="" />
    <ActionList start_bar="69" dance_len="2" seq_len="4" level="2" type="" />
    <ActionList start_bar="73" dance_len="2" seq_len="2" level="2" type="" />
    <ActionList start_bar="75" dance_len="2" seq_len="8" level="2" type="" />
    <ActionList start_bar="83" dance_len="2" seq_len="8" level="2" type="" />
    <ActionList start_bar="91" dance_len="2" seq_len="4" level="2" type="" />
    <ActionList start_bar="95" dance_len="2" seq_len="4" level="2" type="" />
    <ActionList start_bar="99" dance_len="4" seq_len="4" level="2" type="" />
  </ActionSeq>
  <CameraSeq>
    <Camera name="SC" bar="5" pos="0" end_bar="98" end_pos="0" />
  </CameraSeq>  <DancerSort>
    <Bar>15</Bar>
    <Bar>17</Bar>
    <Bar>19</Bar>
    <Bar>21</Bar>
    <Bar>23</Bar>
    <Bar>25</Bar>
    <Bar>27</Bar>
    <Bar>29</Bar>
    <Bar>31</Bar>
    <Bar>33</Bar>
    <Bar>35</Bar>
    <Bar>37</Bar>
    <Bar>39</Bar>
    <Bar>41</Bar>
    <Bar>43</Bar>
    <Bar>45</Bar>
    <Bar>47</Bar>
    <Bar>49</Bar>
    <Bar>51</Bar>
    <Bar>53</Bar>
    <Bar>55</Bar>
    <Bar>57</Bar>
    <Bar>59</Bar>
    <Bar>61</Bar>
    <Bar>63</Bar>
    <Bar>65</Bar>
    <Bar>67</Bar>
    <Bar>69</Bar>
    <Bar>71</Bar>
    <Bar>73</Bar>
    <Bar>75</Bar>
    <Bar>77</Bar>
    <Bar>79</Bar>
    <Bar>81</Bar>
    <Bar>83</Bar>
    <Bar>85</Bar>
    <Bar>87</Bar>
    <Bar>89</Bar>
    <Bar>91</Bar>
    <Bar>93</Bar>
    <Bar>95</Bar>
  </DancerSort>
  <StageEffectSeq>
    <effect name="wutai_scene_global_script" bar="-1" length="-1" />
    <effect name="wutai_scene_note_biaozhun_01" bar="5" length="93" />
    <effect name="wutai_scene_note_biaozhun_01" bar="98" length="-1" />
  </StageEffectSeq>
</Level>