<?xml version="1.0" encoding="utf-8"?>
<Level>
  <LevelInfo>
    <BPM>180</BPM>
    <BeatPerBar>4</BeatPerBar>
    <BeatLen>16</BeatLen>
    <EnterTimeAdjust>1550</EnterTimeAdjust>
    <NotePreShow>1</NotePreShow>
    <LevelTime>166666</LevelTime>
    <BarAmount>96</BarAmount>
    <BeginBarLen>8</BeginBarLen>
    <IsFourTrack>False</IsFourTrack>
    <TrackCount>5</TrackCount>
    <LevelPreTime>4000</LevelPreTime>
  </LevelInfo>
  <MusicInfo>
    <Title>人海中的奇迹</Title>
    <Artist>QQ炫舞原创</Artist>
    <FilePath>audio/bgm/102414</FilePath>
  </MusicInfo>
  <SectionSeq>
    <Section type="previous" endbar="0" mark="" param1="wutai_scene_pre_script_2" />
    <Section type="begin" startbar="1" endbar="8" mark="" param1="wutai_scene_begin_script_2" />
    <Section type="note" startbar="9" endbar="48" mark="" param1="" />
    <Section type="showtime" startbar="49" endbar="52" mark="dance" param1="" />
    <Section type="note" startbar="55" endbar="92" mark="" param1="" />
    <Section type="showtime" startbar="93" endbar="96" mark="pose_xuanku" param1="" />
  </SectionSeq>
  <IndicatorResetPos PosNum="64" />
  <NoteInfo>
    <Normal>
      <Note ID="1" note_type="PinballSlip" Bar="9" Pos="0" Son="10" EndArea="1|2" MoveTime="3" />
      <Note ID="2" note_type="PinballSeries" Bar="9" Pos="16" Son="3" EndArea="3|4" MoveTime="3" />
      <Note ID="3" note_type="PinballSeries" Bar="9" Pos="24" Son="" EndArea="3|4" MoveTime="3" />
      <Note ID="4" note_type="PinballSingle" Bar="9" Pos="32" Son="" EndArea="1|2" MoveTime="3" />
      <Note ID="5" note_type="PinballSingle" Bar="9" Pos="40" Son="" EndArea="1|2" MoveTime="3" />
      <Note ID="6" note_type="PinballSingle" Bar="9" Pos="48" Son="" EndArea="3|4" MoveTime="3" />
      <Note ID="7" note_type="PinballSingle" Bar="9" Pos="56" Son="" EndArea="1|2" MoveTime="3" />
      <Note ID="8" note_type="PinballSlip" Bar="10" Pos="8" Son="15" EndArea="1|2" MoveTime="3" />
      <Note ID="9" note_type="PinballLong" Bar="10" Pos="16" EndBar="10" EndPos="32" Son="" EndArea="3|4" MoveTime="3" />
      <Note ID="10" note_type="PinballSlip" Bar="10" Pos="48" Son="" EndArea="1|2" MoveTime="3" />
      <Note ID="11" note_type="PinballSingle" Bar="10" Pos="56" Son="" EndArea="3|4" MoveTime="3" />
      <Note ID="12" note_type="PinballSlip" Bar="11" Pos="0" Son="17" EndArea="1|2" MoveTime="3" />
      <Note ID="13" note_type="PinballSingle" Bar="11" Pos="16" Son="" EndArea="1|2" MoveTime="3" />
      <Note ID="14" note_type="PinballSingle" Bar="11" Pos="24" Son="" EndArea="3|4" MoveTime="3" />
      <Note ID="15" note_type="PinballSlip" Bar="11" Pos="40" Son="" EndArea="1|2" MoveTime="3" />
      <Note ID="16" note_type="PinballLong" Bar="11" Pos="56" EndBar="12" EndPos="8" Son="" EndArea="3|4" MoveTime="3" />
      <Note ID="17" note_type="PinballSlip" Bar="12" Pos="32" Son="" EndArea="3|4" MoveTime="3" />
      <Note ID="18" note_type="PinballSeries" Bar="12" Pos="48" Son="19" EndArea="1|2" MoveTime="3" />
      <Note ID="19" note_type="PinballSeries" Bar="12" Pos="56" Son="" EndArea="1|2" MoveTime="3" />
      <Note ID="20" note_type="PinballSlip" Bar="13" Pos="0" Son="26" EndArea="3|4" MoveTime="3" />
      <Note ID="21" note_type="PinballSingle" Bar="13" Pos="16" Son="" EndArea="3|4" MoveTime="3" />
      <Note ID="22" note_type="PinballSingle" Bar="13" Pos="24" Son="" EndArea="1|2" MoveTime="3" />
      <Note ID="23" note_type="PinballSingle" Bar="13" Pos="40" Son="" EndArea="3|4" MoveTime="3" />
      <Note ID="24" note_type="PinballSingle" Bar="13" Pos="56" Son="" EndArea="1|2" MoveTime="3" />
      <Note ID="25" note_type="PinballLong" Bar="14" Pos="8" EndBar="14" EndPos="24" Son="" EndArea="1|2" MoveTime="3" />
      <Note ID="26" note_type="PinballSlip" Bar="14" Pos="48" Son="" EndArea="3|4" MoveTime="3" />
      <Note ID="27" note_type="PinballSingle" Bar="14" Pos="56" Son="" EndArea="3|4" MoveTime="3" />
      <Note ID="28" note_type="PinballSlip" Bar="15" Pos="0" Son="34" EndArea="1|2" MoveTime="3" />
      <Note ID="29" note_type="PinballSingle" Bar="15" Pos="16" Son="" EndArea="1|2" MoveTime="3" />
      <Note ID="30" note_type="PinballSingle" Bar="15" Pos="24" Son="" EndArea="3|4" MoveTime="3" />
      <Note ID="31" note_type="PinballLong" Bar="15" Pos="40" EndBar="15" EndPos="56" Son="" EndArea="1|2" MoveTime="3" />
      <Note ID="32" note_type="PinballSlip" Bar="16" Pos="0" Son="41" EndArea="3|4" MoveTime="3" />
      <Note ID="33" note_type="PinballSingle" Bar="16" Pos="16" Son="" EndArea="1|2" MoveTime="3" />
      <Note ID="34" note_type="PinballSlip" Bar="16" Pos="24" Son="" EndArea="1|2" MoveTime="3" />
      <Note ID="35" note_type="PinballLong" Bar="16" Pos="40" EndBar="16" EndPos="56" Son="" EndArea="3|4" MoveTime="3" />
      <Note ID="36" note_type="PinballSingle" Bar="17" Pos="8" Son="" EndArea="1|2" MoveTime="3" />
      <Note ID="37" note_type="PinballSlip" Bar="17" Pos="16" Son="46" EndArea="3|4" MoveTime="3" />
      <Note ID="38" note_type="PinballSingle" Bar="17" Pos="24" Son="" EndArea="1|2" MoveTime="3" />
      <Note ID="39" note_type="PinballSeries" Bar="17" Pos="32" Son="40" EndArea="3|4" MoveTime="3" />
      <Note ID="40" note_type="PinballSeries" Bar="17" Pos="40" Son="" EndArea="3|4" MoveTime="3" />
      <Note ID="41" note_type="PinballSlip" Bar="17" Pos="48" Son="" EndArea="1|2" MoveTime="3" />
      <Note ID="42" note_type="PinballSingle" Bar="17" Pos="56" Son="" EndArea="3|4" MoveTime="3" />
      <Note ID="43" note_type="PinballSingle" Bar="18" Pos="8" Son="" EndArea="3|4" MoveTime="3" />
      <Note ID="44" note_type="PinballSingle" Bar="18" Pos="16" Son="" EndArea="1|2" MoveTime="3" />
      <Note ID="45" note_type="PinballSlip" Bar="18" Pos="40" Son="52" EndArea="1|2" MoveTime="3" />
      <Note ID="46" note_type="PinballSlip" Bar="18" Pos="48" Son="" EndArea="3|4" MoveTime="3" />
      <Note ID="47" note_type="PinballSeries" Bar="18" Pos="56" Son="48" EndArea="1|2" MoveTime="3" />
      <Note ID="48" note_type="PinballSeries" Bar="19" Pos="0" Son="" EndArea="1|2" MoveTime="3" />
      <Note ID="49" note_type="PinballSingle" Bar="19" Pos="16" Son="" EndArea="3|4" MoveTime="3" />
      <Note ID="50" note_type="PinballSingle" Bar="19" Pos="24" Son="" EndArea="1|2" MoveTime="3" />
      <Note ID="51" note_type="PinballLong" Bar="19" Pos="40" EndBar="19" EndPos="56" Son="" EndArea="3|4" MoveTime="3" />
      <Note ID="52" note_type="PinballSlip" Bar="20" Pos="0" Son="" EndArea="1|2" MoveTime="3" />
      <Note ID="53" note_type="PinballSingle" Bar="20" Pos="16" Son="" EndArea="3|4" MoveTime="3" />
      <Note ID="54" note_type="PinballSingle" Bar="20" Pos="24" Son="" EndArea="1|2" MoveTime="3" />
      <Note ID="55" note_type="PinballSingle" Bar="20" Pos="40" Son="" EndArea="1|2" MoveTime="3" />
      <Note ID="56" note_type="PinballSlip" Bar="20" Pos="56" Son="63" EndArea="3|4" MoveTime="3" />
      <Note ID="57" note_type="PinballSingle" Bar="21" Pos="8" Son="" EndArea="1|2" MoveTime="3" />
      <Note ID="58" note_type="PinballLong" Bar="21" Pos="16" EndBar="21" EndPos="32" Son="" EndArea="1|2" MoveTime="3" />
      <Note ID="59" note_type="PinballSingle" Bar="21" Pos="48" Son="" EndArea="3|4" MoveTime="3" />
      <Note ID="60" note_type="PinballSlip" Bar="21" Pos="56" Son="67" EndArea="1|2" MoveTime="3" />
      <Note ID="61" note_type="PinballSingle" Bar="22" Pos="8" Son="" EndArea="1|2" MoveTime="3" />
      <Note ID="62" note_type="PinballSingle" Bar="22" Pos="16" Son="" EndArea="3|4" MoveTime="3" />
      <Note ID="63" note_type="PinballSlip" Bar="22" Pos="24" Son="" EndArea="1|2" MoveTime="3" />
      <Note ID="64" note_type="PinballLong" Bar="22" Pos="40" EndBar="22" EndPos="56" Son="" EndArea="3|4" MoveTime="3" />
      <Note ID="65" note_type="PinballSingle" Bar="23" Pos="0" Son="" EndArea="1|2" MoveTime="3" />
      <Note ID="66" note_type="PinballSingle" Bar="23" Pos="16" Son="" EndArea="3|4" MoveTime="3" />
      <Note ID="67" note_type="PinballSlip" Bar="23" Pos="24" Son="" EndArea="3|4" MoveTime="3" />
      <Note ID="68" note_type="PinballSingle" Bar="23" Pos="40" Son="" EndArea="1|2" MoveTime="3" />
      <Note ID="69" note_type="PinballLong" Bar="23" Pos="56" EndBar="24" EndPos="32" Son="" EndArea="3|4" MoveTime="3" />
      <Note ID="70" note_type="PinballLong" Bar="23" Pos="56" EndBar="24" EndPos="32" Son="" EndArea="1|2" MoveTime="3" />
      <Note ID="71" note_type="PinballSlip" Bar="25" Pos="16" Son="78" EndArea="1|2" MoveTime="3" />
      <Note ID="72" note_type="PinballSingle" Bar="25" Pos="24" Son="" EndArea="3|4" MoveTime="3" />
      <Note ID="73" note_type="PinballSingle" Bar="25" Pos="32" Son="" EndArea="1|2" MoveTime="3" />
      <Note ID="74" note_type="PinballSingle" Bar="25" Pos="48" Son="" EndArea="3|4" MoveTime="3" />
      <Note ID="75" note_type="PinballLong" Bar="25" Pos="56" EndBar="26" EndPos="16" Son="" EndArea="1|2" MoveTime="3" />
      <Note ID="76" note_type="PinballSeries" Bar="26" Pos="40" Son="77" EndArea="3|4" MoveTime="3" />
      <Note ID="77" note_type="PinballSeries" Bar="26" Pos="48" Son="" EndArea="3|4" MoveTime="3" />
      <Note ID="78" note_type="PinballSlip" Bar="26" Pos="56" Son="" EndArea="1|2" MoveTime="3" />
      <Note ID="79" note_type="PinballSlip" Bar="27" Pos="0" Son="84" EndArea="3|4" MoveTime="3" />
      <Note ID="80" note_type="PinballSingle" Bar="27" Pos="16" Son="" EndArea="1|2" MoveTime="3" />
      <Note ID="81" note_type="PinballSingle" Bar="27" Pos="24" Son="" EndArea="3|4" MoveTime="3" />
      <Note ID="82" note_type="PinballLong" Bar="27" Pos="40" EndBar="27" EndPos="54" Son="" EndArea="1|2" MoveTime="3" />
      <Note ID="83" note_type="PinballLong" Bar="27" Pos="56" EndBar="28" EndPos="16" Son="" EndArea="3|4" MoveTime="3" />
      <Note ID="84" note_type="PinballSlip" Bar="28" Pos="40" Son="" EndArea="3|4" MoveTime="3" />
      <Note ID="85" note_type="PinballSingle" Bar="28" Pos="48" Son="" EndArea="1|2" MoveTime="3" />
      <Note ID="86" note_type="PinballSingle" Bar="28" Pos="56" Son="" EndArea="3|4" MoveTime="3" />
      <Note ID="87" note_type="PinballSlip" Bar="29" Pos="0" Son="94" EndArea="1|2" MoveTime="3" />
      <Note ID="88" note_type="PinballSingle" Bar="29" Pos="16" Son="" EndArea="1|2" MoveTime="3" />
      <Note ID="89" note_type="PinballSingle" Bar="29" Pos="24" Son="" EndArea="3|4" MoveTime="3" />
      <Note ID="90" note_type="PinballLong" Bar="29" Pos="40" EndBar="29" EndPos="54" Son="" EndArea="3|4" MoveTime="3" />
      <Note ID="91" note_type="PinballLong" Bar="29" Pos="56" EndBar="30" EndPos="6" Son="" EndArea="1|2" MoveTime="3" />
      <Note ID="92" note_type="PinballLong" Bar="30" Pos="8" EndBar="30" EndPos="22" Son="" EndArea="3|4" MoveTime="3" />
      <Note ID="93" note_type="PinballLong" Bar="30" Pos="24" EndBar="30" EndPos="40" Son="" EndArea="1|2" MoveTime="3" />
      <Note ID="94" note_type="PinballSlip" Bar="30" Pos="48" Son="" EndArea="3|4" MoveTime="3" />
      <Note ID="95" note_type="PinballSingle" Bar="30" Pos="56" Son="" EndArea="1|2" MoveTime="3" />
      <Note ID="96" note_type="PinballSlip" Bar="31" Pos="0" Son="106" EndArea="3|4" MoveTime="3" />
      <Note ID="97" note_type="PinballSingle" Bar="31" Pos="0" Son="" EndArea="1|2" MoveTime="3" />
      <Note ID="98" note_type="PinballSlip" Bar="31" Pos="16" Son="107" EndArea="1|2" MoveTime="3" />
      <Note ID="99" note_type="PinballSingle" Bar="31" Pos="16" Son="" EndArea="3|4" MoveTime="3" />
      <Note ID="100" note_type="PinballSlip" Bar="31" Pos="32" Son="108" EndArea="3|4" MoveTime="3" />
      <Note ID="101" note_type="PinballSingle" Bar="31" Pos="32" Son="" EndArea="1|2" MoveTime="3" />
      <Note ID="102" note_type="PinballSlip" Bar="31" Pos="48" Son="109" EndArea="1|2" MoveTime="3" />
      <Note ID="103" note_type="PinballSingle" Bar="31" Pos="48" Son="" EndArea="3|4" MoveTime="3" />
      <Note ID="104" note_type="PinballLong" Bar="32" Pos="0" EndBar="32" EndPos="24" Son="" EndArea="3|4" MoveTime="3" />
      <Note ID="105" note_type="PinballLong" Bar="32" Pos="0" EndBar="32" EndPos="24" Son="" EndArea="1|2" MoveTime="3" />
      <Note ID="106" note_type="PinballSlip" Bar="32" Pos="48" Son="" EndArea="1|2" MoveTime="3" />
      <Note ID="107" note_type="PinballSlip" Bar="32" Pos="56" Son="" EndArea="3|4" MoveTime="3" />
      <Note ID="108" note_type="PinballSlip" Bar="33" Pos="0" Son="" EndArea="1|2" MoveTime="3" />
      <Note ID="109" note_type="PinballSlip" Bar="33" Pos="16" Son="" EndArea="1|2" MoveTime="3" />
      <Note ID="110" note_type="PinballLong" Bar="33" Pos="24" EndBar="33" EndPos="40" Son="" EndArea="3|4" MoveTime="3" />
      <Note ID="111" note_type="PinballSingle" Bar="33" Pos="48" Son="" EndArea="1|2" MoveTime="3" />
      <Note ID="112" note_type="PinballLong" Bar="33" Pos="56" EndBar="34" EndPos="8" Son="" EndArea="1|2" MoveTime="3" />
      <Note ID="113" note_type="PinballSingle" Bar="34" Pos="16" Son="" EndArea="3|4" MoveTime="3" />
      <Note ID="114" note_type="PinballLong" Bar="34" Pos="24" EndBar="34" EndPos="38" Son="" EndArea="3|4" MoveTime="3" />
      <Note ID="115" note_type="PinballLong" Bar="34" Pos="40" EndBar="34" EndPos="56" Son="" EndArea="1|2" MoveTime="3" />
      <Note ID="116" note_type="PinballSlip" Bar="35" Pos="0" Son="121" EndArea="3|4" MoveTime="3" />
      <Note ID="117" note_type="PinballSingle" Bar="35" Pos="16" Son="" EndArea="1|2" MoveTime="3" />
      <Note ID="118" note_type="PinballLong" Bar="35" Pos="24" EndBar="35" EndPos="40" Son="" EndArea="1|2" MoveTime="3" />
      <Note ID="119" note_type="PinballSingle" Bar="35" Pos="48" Son="" EndArea="3|4" MoveTime="3" />
      <Note ID="120" note_type="PinballLong" Bar="35" Pos="56" EndBar="36" EndPos="32" Son="" EndArea="3|4" MoveTime="3" />
      <Note ID="121" note_type="PinballSlip" Bar="36" Pos="48" Son="" EndArea="1|2" MoveTime="3" />
      <Note ID="122" note_type="PinballSingle" Bar="36" Pos="56" Son="" EndArea="3|4" MoveTime="3" />
      <Note ID="123" note_type="PinballSlip" Bar="37" Pos="0" Son="130" EndArea="1|2" MoveTime="3" />
      <Note ID="124" note_type="PinballSingle" Bar="37" Pos="16" Son="" EndArea="3|4" MoveTime="3" />
      <Note ID="125" note_type="PinballLong" Bar="37" Pos="24" EndBar="37" EndPos="40" Son="" EndArea="1|2" MoveTime="3" />
      <Note ID="126" note_type="PinballSlip" Bar="37" Pos="48" Son="134" EndArea="3|4" MoveTime="3" />
      <Note ID="127" note_type="PinballSingle" Bar="37" Pos="56" Son="" EndArea="1|2" MoveTime="3" />
      <Note ID="128" note_type="PinballSingle" Bar="38" Pos="8" Son="" EndArea="1|2" MoveTime="3" />
      <Note ID="129" note_type="PinballLong" Bar="38" Pos="16" EndBar="38" EndPos="32" Son="" EndArea="3|4" MoveTime="3" />
      <Note ID="130" note_type="PinballSlip" Bar="38" Pos="48" Son="" EndArea="1|2" MoveTime="3" />
      <Note ID="131" note_type="PinballSingle" Bar="38" Pos="56" Son="" EndArea="3|4" MoveTime="3" />
      <Note ID="132" note_type="PinballSlip" Bar="39" Pos="0" Son="139" EndArea="1|2" MoveTime="3" />
      <Note ID="133" note_type="PinballSingle" Bar="39" Pos="16" Son="" EndArea="1|2" MoveTime="3" />
      <Note ID="134" note_type="PinballSlip" Bar="39" Pos="24" Son="" EndArea="1|2" MoveTime="3" />
      <Note ID="135" note_type="PinballSlip" Bar="39" Pos="40" Son="142" EndArea="3|4" MoveTime="3" />
      <Note ID="136" note_type="PinballSingle" Bar="39" Pos="40" Son="" EndArea="1|2" MoveTime="3" />
      <Note ID="137" note_type="PinballLong" Bar="39" Pos="56" EndBar="40" EndPos="22" Son="" EndArea="1|2" MoveTime="3" />
      <Note ID="138" note_type="PinballLong" Bar="39" Pos="56" EndBar="40" EndPos="22" Son="" EndArea="3|4" MoveTime="3" />
      <Note ID="139" note_type="PinballSlip" Bar="40" Pos="48" Son="" EndArea="3|4" MoveTime="3" />
      <Note ID="140" note_type="PinballSingle" Bar="40" Pos="56" Son="" EndArea="1|2" MoveTime="3" />
      <Note ID="141" note_type="PinballSlip" Bar="41" Pos="0" Son="147" EndArea="3|4" MoveTime="3" />
      <Note ID="142" note_type="PinballSlip" Bar="41" Pos="16" Son="" EndArea="1|2" MoveTime="3" />
      <Note ID="143" note_type="PinballLong" Bar="41" Pos="24" EndBar="41" EndPos="40" Son="" EndArea="3|4" MoveTime="3" />
      <Note ID="144" note_type="PinballSingle" Bar="41" Pos="48" Son="" EndArea="1|2" MoveTime="3" />
      <Note ID="145" note_type="PinballLong" Bar="41" Pos="56" EndBar="42" EndPos="8" Son="" EndArea="1|2" MoveTime="3" />
      <Note ID="146" note_type="PinballSingle" Bar="42" Pos="16" Son="" EndArea="3|4" MoveTime="3" />
      <Note ID="147" note_type="PinballSlip" Bar="42" Pos="24" Son="" EndArea="1|2" MoveTime="3" />
      <Note ID="148" note_type="PinballLong" Bar="42" Pos="40" EndBar="42" EndPos="54" Son="" EndArea="3|4" MoveTime="3" />
      <Note ID="149" note_type="PinballSlip" Bar="43" Pos="0" Son="155" EndArea="1|2" MoveTime="3" />
      <Note ID="150" note_type="PinballSingle" Bar="43" Pos="0" Son="" EndArea="3|4" MoveTime="3" />
      <Note ID="151" note_type="PinballSingle" Bar="43" Pos="16" Son="" EndArea="1|2" MoveTime="3" />
      <Note ID="152" note_type="PinballSingle" Bar="43" Pos="24" Son="" EndArea="3|4" MoveTime="3" />
      <Note ID="153" note_type="PinballLong" Bar="43" Pos="40" EndBar="43" EndPos="54" Son="" EndArea="1|2" MoveTime="3" />
      <Note ID="154" note_type="PinballLong" Bar="43" Pos="56" EndBar="44" EndPos="24" Son="" EndArea="3|4" MoveTime="3" />
      <Note ID="155" note_type="PinballSlip" Bar="44" Pos="48" Son="" EndArea="1|2" MoveTime="3" />
      <Note ID="156" note_type="PinballSingle" Bar="44" Pos="56" Son="" EndArea="3|4" MoveTime="3" />
      <Note ID="157" note_type="PinballSingle" Bar="45" Pos="8" Son="" EndArea="3|4" MoveTime="3" />
      <Note ID="158" note_type="PinballLong" Bar="45" Pos="16" EndBar="45" EndPos="40" Son="" EndArea="1|2" MoveTime="3" />
      <Note ID="159" note_type="PinballSlip" Bar="45" Pos="56" Son="166" EndArea="3|4" MoveTime="3" />
      <Note ID="160" note_type="PinballSingle" Bar="45" Pos="56" Son="" EndArea="1|2" MoveTime="3" />
      <Note ID="161" note_type="PinballSingle" Bar="46" Pos="8" Son="" EndArea="1|2" MoveTime="3" />
      <Note ID="162" note_type="PinballLong" Bar="46" Pos="16" EndBar="46" EndPos="40" Son="" EndArea="3|4" MoveTime="3" />
      <Note ID="163" note_type="PinballSingle" Bar="46" Pos="56" Son="" EndArea="1|2" MoveTime="3" />
      <Note ID="164" note_type="PinballSingle" Bar="47" Pos="0" Son="" EndArea="3|4" MoveTime="3" />
      <Note ID="165" note_type="PinballSingle" Bar="47" Pos="8" Son="" EndArea="1|2" MoveTime="3" />
      <Note ID="166" note_type="PinballSlip" Bar="47" Pos="16" Son="" EndArea="3|4" MoveTime="3" />
      <Note ID="167" note_type="PinballSlip" Bar="47" Pos="24" Son="176" EndArea="1|2" MoveTime="3" />
      <Note ID="168" note_type="PinballSingle" Bar="47" Pos="24" Son="" EndArea="3|4" MoveTime="3" />
      <Note ID="169" note_type="PinballSingle" Bar="47" Pos="40" Son="" EndArea="3|4" MoveTime="3" />
      <Note ID="170" note_type="PinballSingle" Bar="47" Pos="40" Son="" EndArea="1|2" MoveTime="3" />
      <Note ID="171" note_type="PinballLong" Bar="48" Pos="0" EndBar="48" EndPos="16" Son="" EndArea="1|2" MoveTime="3" />
      <Note ID="172" note_type="PinballLong" Bar="48" Pos="0" EndBar="48" EndPos="16" Son="" EndArea="3|4" MoveTime="3" />
      <Note ID="173" note_type="PinballSingle" Bar="48" Pos="32" Son="" EndArea="3|4" MoveTime="3" />
      <Note ID="174" note_type="PinballSingle" Bar="48" Pos="32" Son="" EndArea="1|2" MoveTime="3" />
      <Note ID="175" note_type="PinballLong" Bar="48" Pos="48" EndBar="48" EndPos="62" Son="" EndArea="3|4" MoveTime="3" />
      <Note ID="176" note_type="PinballSlip" Bar="49" Pos="0" Son="" EndArea="1|2" MoveTime="3" />
      <Note ID="177" note_type="PinballSlip" Bar="55" Pos="0" Son="182" EndArea="3|4" MoveTime="3" />
      <Note ID="178" note_type="PinballSingle" Bar="55" Pos="16" Son="" EndArea="1|2" MoveTime="3" />
      <Note ID="179" note_type="PinballSingle" Bar="55" Pos="24" Son="" EndArea="3|4" MoveTime="3" />
      <Note ID="180" note_type="PinballSingle" Bar="55" Pos="40" Son="" EndArea="1|2" MoveTime="3" />
      <Note ID="181" note_type="PinballLong" Bar="55" Pos="58" EndBar="56" EndPos="24" Son="" EndArea="1|2" MoveTime="3" />
      <Note ID="182" note_type="PinballSlip" Bar="56" Pos="48" Son="" EndArea="3|4" MoveTime="3" />
      <Note ID="183" note_type="PinballSlip" Bar="57" Pos="0" Son="189" EndArea="1|2" MoveTime="3" />
      <Note ID="184" note_type="PinballSingle" Bar="57" Pos="16" Son="" EndArea="1|2" MoveTime="3" />
      <Note ID="185" note_type="PinballSingle" Bar="57" Pos="24" Son="" EndArea="3|4" MoveTime="3" />
      <Note ID="186" note_type="PinballSlip" Bar="57" Pos="40" Son="191" EndArea="1|2" MoveTime="3" />
      <Note ID="187" note_type="PinballSingle" Bar="57" Pos="56" Son="" EndArea="3|4" MoveTime="3" />
      <Note ID="188" note_type="PinballSingle" Bar="58" Pos="8" Son="" EndArea="1|2" MoveTime="3" />
      <Note ID="189" note_type="PinballSlip" Bar="58" Pos="24" Son="" EndArea="3|4" MoveTime="3" />
      <Note ID="190" note_type="PinballLong" Bar="58" Pos="40" EndBar="58" EndPos="56" Son="" EndArea="3|4" MoveTime="3" />
      <Note ID="191" note_type="PinballSlip" Bar="59" Pos="0" Son="" EndArea="1|2" MoveTime="3" />
      <Note ID="192" note_type="PinballSeries" Bar="59" Pos="16" Son="193" EndArea="3|4" MoveTime="3" />
      <Note ID="193" note_type="PinballSeries" Bar="59" Pos="24" Son="" EndArea="3|4" MoveTime="3" />
      <Note ID="194" note_type="PinballLong" Bar="59" Pos="40" EndBar="59" EndPos="56" Son="" EndArea="1|2" MoveTime="3" />
      <Note ID="195" note_type="PinballLong" Bar="60" Pos="0" EndBar="60" EndPos="24" Son="" EndArea="3|4" MoveTime="3" />
      <Note ID="196" note_type="PinballLong" Bar="60" Pos="48" EndBar="61" EndPos="32" Son="" EndArea="1|2" MoveTime="3" />
      <Note ID="197" note_type="PinballLong" Bar="61" Pos="48" EndBar="62" EndPos="32" Son="" EndArea="3|4" MoveTime="3" />
      <Note ID="198" note_type="PinballSingle" Bar="63" Pos="0" Son="" EndArea="1|2" MoveTime="3" />
      <Note ID="199" note_type="PinballSingle" Bar="63" Pos="16" Son="" EndArea="3|4" MoveTime="3" />
      <Note ID="200" note_type="PinballSingle" Bar="63" Pos="24" Son="" EndArea="1|2" MoveTime="3" />
      <Note ID="201" note_type="PinballSlip" Bar="63" Pos="40" Son="204" EndArea="1|2" MoveTime="3" />
      <Note ID="202" note_type="PinballLong" Bar="64" Pos="0" EndBar="64" EndPos="30" Son="" EndArea="3|4" MoveTime="3" />
      <Note ID="203" note_type="PinballLong" Bar="64" Pos="32" EndBar="64" EndPos="62" Son="" EndArea="1|2" MoveTime="3" />
      <Note ID="204" note_type="PinballSlip" Bar="65" Pos="0" Son="" EndArea="3|4" MoveTime="3" />
      <Note ID="205" note_type="PinballSlip" Bar="65" Pos="32" Son="212" EndArea="1|2" MoveTime="3" />
      <Note ID="206" note_type="PinballSeries" Bar="65" Pos="48" Son="207" EndArea="3|4" MoveTime="3" />
      <Note ID="207" note_type="PinballSeries" Bar="65" Pos="56" Son="" EndArea="3|4" MoveTime="3" />
      <Note ID="208" note_type="PinballSingle" Bar="66" Pos="8" Son="" EndArea="1|2" MoveTime="3" />
      <Note ID="209" note_type="PinballSingle" Bar="66" Pos="16" Son="" EndArea="3|4" MoveTime="3" />
      <Note ID="210" note_type="PinballSingle" Bar="66" Pos="24" Son="" EndArea="1|2" MoveTime="3" />
      <Note ID="211" note_type="PinballLong" Bar="66" Pos="40" EndBar="66" EndPos="56" Son="" EndArea="1|2" MoveTime="3" />
      <Note ID="212" note_type="PinballSlip" Bar="67" Pos="0" Son="" EndArea="3|4" MoveTime="3" />
      <Note ID="213" note_type="PinballSingle" Bar="67" Pos="16" Son="" EndArea="1|2" MoveTime="3" />
      <Note ID="214" note_type="PinballSingle" Bar="67" Pos="24" Son="" EndArea="1|2" MoveTime="3" />
      <Note ID="215" note_type="PinballLong" Bar="67" Pos="40" EndBar="67" EndPos="56" Son="" EndArea="3|4" MoveTime="3" />
      <Note ID="216" note_type="PinballLong" Bar="68" Pos="0" EndBar="68" EndPos="30" Son="" EndArea="1|2" MoveTime="3" />
      <Note ID="217" note_type="PinballLong" Bar="68" Pos="32" EndBar="69" EndPos="30" Son="" EndArea="3|4" MoveTime="3" />
      <Note ID="218" note_type="PinballSlip" Bar="69" Pos="0" Son="223" EndArea="1|2" MoveTime="3" />
      <Note ID="219" note_type="PinballSingle" Bar="69" Pos="16" Son="" EndArea="1|2" MoveTime="3" />
      <Note ID="220" note_type="PinballLong" Bar="69" Pos="24" EndBar="69" EndPos="40" Son="" EndArea="1|2" MoveTime="3" />
      <Note ID="221" note_type="PinballSingle" Bar="69" Pos="48" Son="" EndArea="3|4" MoveTime="3" />
      <Note ID="222" note_type="PinballLong" Bar="69" Pos="56" EndBar="70" EndPos="8" Son="" EndArea="3|4" MoveTime="3" />
      <Note ID="223" note_type="PinballSlip" Bar="70" Pos="16" Son="" EndArea="1|2" MoveTime="3" />
      <Note ID="224" note_type="PinballSingle" Bar="70" Pos="24" Son="" EndArea="3|4" MoveTime="3" />
      <Note ID="225" note_type="PinballLong" Bar="70" Pos="40" EndBar="70" EndPos="52" Son="" EndArea="1|2" MoveTime="3" />
      <Note ID="226" note_type="PinballSlip" Bar="71" Pos="0" Son="232" EndArea="3|4" MoveTime="3" />
      <Note ID="227" note_type="PinballLong" Bar="71" Pos="0" EndBar="72" EndPos="0" Son="" EndArea="1|2" MoveTime="3" />
      <Note ID="228" note_type="PinballSingle" Bar="71" Pos="16" Son="" EndArea="3|4" MoveTime="3" />
      <Note ID="229" note_type="PinballSingle" Bar="71" Pos="24" Son="" EndArea="3|4" MoveTime="3" />
      <Note ID="230" note_type="PinballSingle" Bar="71" Pos="48" Son="" EndArea="3|4" MoveTime="3" />
      <Note ID="231" note_type="PinballLong" Bar="71" Pos="56" EndBar="72" EndPos="30" Son="" EndArea="3|4" MoveTime="3" />
      <Note ID="232" note_type="PinballSlip" Bar="72" Pos="32" Son="" EndArea="1|2" MoveTime="3" />
      <Note ID="233" note_type="PinballSingle" Bar="72" Pos="48" Son="" EndArea="3|4" MoveTime="3" />
      <Note ID="234" note_type="PinballSingle" Bar="72" Pos="56" Son="" EndArea="1|2" MoveTime="3" />
      <Note ID="235" note_type="PinballSlip" Bar="73" Pos="0" Son="243" EndArea="3|4" MoveTime="3" />
      <Note ID="236" note_type="PinballSingle" Bar="73" Pos="0" Son="" EndArea="1|2" MoveTime="3" />
      <Note ID="237" note_type="PinballSingle" Bar="73" Pos="16" Son="" EndArea="3|4" MoveTime="3" />
      <Note ID="238" note_type="PinballLong" Bar="73" Pos="24" EndBar="73" EndPos="40" Son="" EndArea="1|2" MoveTime="3" />
      <Note ID="239" note_type="PinballSingle" Bar="73" Pos="48" Son="" EndArea="3|4" MoveTime="3" />
      <Note ID="240" note_type="PinballLong" Bar="73" Pos="56" EndBar="74" EndPos="6" Son="" EndArea="3|4" MoveTime="3" />
      <Note ID="241" note_type="PinballSingle" Bar="74" Pos="8" Son="" EndArea="1|2" MoveTime="3" />
      <Note ID="242" note_type="PinballLong" Bar="74" Pos="16" EndBar="74" EndPos="32" Son="" EndArea="1|2" MoveTime="3" />
      <Note ID="243" note_type="PinballSlip" Bar="74" Pos="48" Son="" EndArea="1|2" MoveTime="3" />
      <Note ID="244" note_type="PinballSingle" Bar="74" Pos="56" Son="" EndArea="3|4" MoveTime="3" />
      <Note ID="245" note_type="PinballSingle" Bar="75" Pos="0" Son="" EndArea="3|4" MoveTime="3" />
      <Note ID="246" note_type="PinballSlip" Bar="75" Pos="0" Son="253" EndArea="1|2" MoveTime="3" />
      <Note ID="247" note_type="PinballSingle" Bar="75" Pos="16" Son="" EndArea="1|2" MoveTime="3" />
      <Note ID="248" note_type="PinballSingle" Bar="75" Pos="24" Son="" EndArea="3|4" MoveTime="3" />
      <Note ID="249" note_type="PinballSingle" Bar="75" Pos="40" Son="" EndArea="3|4" MoveTime="3" />
      <Note ID="250" note_type="PinballSingle" Bar="75" Pos="40" Son="" EndArea="1|2" MoveTime="3" />
      <Note ID="251" note_type="PinballLong" Bar="75" Pos="56" EndBar="76" EndPos="24" Son="" EndArea="3|4" MoveTime="3" />
      <Note ID="252" note_type="PinballLong" Bar="75" Pos="56" EndBar="76" EndPos="24" Son="" EndArea="1|2" MoveTime="3" />
      <Note ID="253" note_type="PinballSlip" Bar="76" Pos="48" Son="" EndArea="3|4" MoveTime="3" />
      <Note ID="254" note_type="PinballSingle" Bar="76" Pos="56" Son="" EndArea="1|2" MoveTime="3" />
      <Note ID="255" note_type="PinballSlip" Bar="77" Pos="0" Son="261" EndArea="3|4" MoveTime="3" />
      <Note ID="256" note_type="PinballSingle" Bar="77" Pos="0" Son="" EndArea="1|2" MoveTime="3" />
      <Note ID="257" note_type="PinballSingle" Bar="77" Pos="16" Son="" EndArea="1|2" MoveTime="3" />
      <Note ID="258" note_type="PinballLong" Bar="77" Pos="24" EndBar="77" EndPos="40" Son="" EndArea="3|4" MoveTime="3" />
      <Note ID="259" note_type="PinballSingle" Bar="77" Pos="48" Son="" EndArea="1|2" MoveTime="3" />
      <Note ID="260" note_type="PinballLong" Bar="77" Pos="56" EndBar="78" EndPos="8" Son="" EndArea="1|2" MoveTime="3" />
      <Note ID="261" note_type="PinballSlip" Bar="78" Pos="16" Son="" EndArea="3|4" MoveTime="3" />
      <Note ID="262" note_type="PinballSingle" Bar="78" Pos="24" Son="" EndArea="1|2" MoveTime="3" />
      <Note ID="263" note_type="PinballLong" Bar="78" Pos="40" EndBar="78" EndPos="52" Son="" EndArea="1|2" MoveTime="3" />
      <Note ID="264" note_type="PinballLong" Bar="78" Pos="40" EndBar="78" EndPos="52" Son="" EndArea="3|4" MoveTime="3" />
      <Note ID="265" note_type="PinballSlip" Bar="79" Pos="0" Son="271" EndArea="1|2" MoveTime="3" />
      <Note ID="266" note_type="PinballSingle" Bar="79" Pos="0" Son="" EndArea="3|4" MoveTime="3" />
      <Note ID="267" note_type="PinballSeries" Bar="79" Pos="16" Son="268" EndArea="1|2" MoveTime="3" />
      <Note ID="268" note_type="PinballSeries" Bar="79" Pos="24" Son="" EndArea="1|2" MoveTime="3" />
      <Note ID="269" note_type="PinballSingle" Bar="79" Pos="40" Son="" EndArea="3|4" MoveTime="3" />
      <Note ID="270" note_type="PinballLong" Bar="79" Pos="56" EndBar="80" EndPos="46" Son="" EndArea="1|2" MoveTime="3" />
      <Note ID="271" note_type="PinballSlip" Bar="80" Pos="48" Son="" EndArea="3|4" MoveTime="3" />
      <Note ID="272" note_type="PinballSingle" Bar="80" Pos="56" Son="" EndArea="1|2" MoveTime="3" />
      <Note ID="273" note_type="PinballSingle" Bar="81" Pos="8" Son="" EndArea="1|2" MoveTime="3" />
      <Note ID="274" note_type="PinballLong" Bar="81" Pos="16" EndBar="81" EndPos="32" Son="" EndArea="3|4" MoveTime="3" />
      <Note ID="275" note_type="PinballSlip" Bar="81" Pos="56" Son="283" EndArea="1|2" MoveTime="3" />
      <Note ID="276" note_type="PinballSingle" Bar="81" Pos="56" Son="" EndArea="3|4" MoveTime="3" />
      <Note ID="277" note_type="PinballSingle" Bar="82" Pos="8" Son="" EndArea="1|2" MoveTime="3" />
      <Note ID="278" note_type="PinballLong" Bar="82" Pos="16" EndBar="82" EndPos="38" Son="" EndArea="3|4" MoveTime="3" />
      <Note ID="279" note_type="PinballSingle" Bar="82" Pos="56" Son="" EndArea="1|2" MoveTime="3" />
      <Note ID="280" note_type="PinballSingle" Bar="83" Pos="0" Son="" EndArea="1|2" MoveTime="3" />
      <Note ID="281" note_type="PinballSingle" Bar="83" Pos="8" Son="" EndArea="3|4" MoveTime="3" />
      <Note ID="282" note_type="PinballSingle" Bar="83" Pos="16" Son="" EndArea="1|2" MoveTime="3" />
      <Note ID="283" note_type="PinballSlip" Bar="83" Pos="24" Son="" EndArea="3|4" MoveTime="3" />
      <Note ID="284" note_type="PinballLong" Bar="83" Pos="40" EndBar="83" EndPos="56" Son="" EndArea="1|2" MoveTime="3" />
      <Note ID="285" note_type="PinballLong" Bar="84" Pos="0" EndBar="84" EndPos="16" Son="" EndArea="3|4" MoveTime="3" />
      <Note ID="286" note_type="PinballSlip" Bar="84" Pos="32" Son="291" EndArea="1|2" MoveTime="3" />
      <Note ID="287" note_type="PinballLong" Bar="84" Pos="48" EndBar="85" EndPos="48" Son="" EndArea="3|4" MoveTime="3" />
      <Note ID="288" note_type="PinballSingle" Bar="85" Pos="0" Son="" EndArea="1|2" MoveTime="3" />
      <Note ID="289" note_type="PinballSingle" Bar="85" Pos="24" Son="" EndArea="1|2" MoveTime="3" />
      <Note ID="290" note_type="PinballSingle" Bar="85" Pos="40" Son="" EndArea="1|2" MoveTime="3" />
      <Note ID="291" note_type="PinballSlip" Bar="86" Pos="0" Son="" EndArea="1|2" MoveTime="3" />
      <Note ID="292" note_type="PinballSingle" Bar="86" Pos="32" Son="" EndArea="3|4" MoveTime="3" />
      <Note ID="293" note_type="PinballSingle" Bar="87" Pos="0" Son="" EndArea="1|2" MoveTime="3" />
      <Note ID="294" note_type="PinballLong" Bar="87" Pos="32" EndBar="88" EndPos="16" Son="" EndArea="1|2" MoveTime="3" />
      <Note ID="295" note_type="PinballSlip" Bar="88" Pos="0" Son="298" EndArea="3|4" MoveTime="3" />
      <Note ID="296" note_type="PinballLong" Bar="88" Pos="32" EndBar="89" EndPos="30" Son="" EndArea="3|4" MoveTime="3" />
      <Note ID="297" note_type="PinballSingle" Bar="89" Pos="0" Son="" EndArea="1|2" MoveTime="3" />
      <Note ID="298" note_type="PinballSlip" Bar="89" Pos="32" Son="" EndArea="1|2" MoveTime="3" />
      <Note ID="299" note_type="PinballSingle" Bar="90" Pos="0" Son="" EndArea="3|4" MoveTime="3" />
      <Note ID="300" note_type="PinballLong" Bar="90" Pos="32" EndBar="91" EndPos="30" Son="" EndArea="1|2" MoveTime="3" />
      <Note ID="301" note_type="PinballSlip" Bar="90" Pos="32" Son="304" EndArea="3|4" MoveTime="3" />
      <Note ID="302" note_type="PinballSingle" Bar="91" Pos="0" Son="" EndArea="3|4" MoveTime="3" />
      <Note ID="303" note_type="PinballSingle" Bar="91" Pos="32" Son="" EndArea="3|4" MoveTime="3" />
      <Note ID="304" note_type="PinballSlip" Bar="92" Pos="0" Son="" EndArea="1|2" MoveTime="3" />
      <Note ID="305" note_type="PinballLong" Bar="92" Pos="32" EndBar="93" EndPos="0" Son="" EndArea="1|2" MoveTime="3" />
      <Note ID="306" note_type="PinballLong" Bar="92" Pos="32" EndBar="93" EndPos="0" Son="" EndArea="3|4" MoveTime="3" />
    </Normal>
  </NoteInfo>
  <ActionSeq type="1">
    <ActionList start_bar="9" dance_len="1" seq_len="4" level="2" type="" />
    <ActionList start_bar="13" dance_len="2" seq_len="4" level="2" type="" />
    <ActionList start_bar="17" dance_len="2" seq_len="4" level="2" type="" />
    <ActionList start_bar="21" dance_len="2" seq_len="4" level="2" type="" />
    <ActionList start_bar="25" dance_len="2" seq_len="8" level="2" type="" />
    <ActionList start_bar="33" dance_len="2" seq_len="8" level="2" type="" />
    <ActionList start_bar="41" dance_len="2" seq_len="8" level="2" type="" />
    <ActionList start_bar="49" dance_len="4" seq_len="4" level="2" type="" />
    <ActionList start_bar="53" dance_len="1" seq_len="4" level="2" type="" />
    <ActionList start_bar="57" dance_len="2" seq_len="4" level="2" type="" />
    <ActionList start_bar="61" dance_len="2" seq_len="4" level="2" type="" />
    <ActionList start_bar="65" dance_len="2" seq_len="4" level="2" type="" />
    <ActionList start_bar="69" dance_len="2" seq_len="8" level="2" type="" />
    <ActionList start_bar="77" dance_len="2" seq_len="8" level="2" type="" />
    <ActionList start_bar="85" dance_len="2" seq_len="4" level="2" type="" />
    <ActionList start_bar="89" dance_len="2" seq_len="4" level="2" type="" />
    <ActionList start_bar="93" dance_len="4" seq_len="4" level="2" type="" />
  </ActionSeq>
  <CameraSeq>
    <Camera name="SC" bar="9" pos="0" end_bar="92" end_pos="0" />
  </CameraSeq>  <DancerSort>
    <Bar>19</Bar>
    <Bar>21</Bar>
    <Bar>23</Bar>
    <Bar>25</Bar>
    <Bar>27</Bar>
    <Bar>29</Bar>
    <Bar>31</Bar>
    <Bar>33</Bar>
    <Bar>35</Bar>
    <Bar>37</Bar>
    <Bar>39</Bar>
    <Bar>41</Bar>
    <Bar>43</Bar>
    <Bar>45</Bar>
    <Bar>47</Bar>
    <Bar>49</Bar>
    <Bar>51</Bar>
    <Bar>53</Bar>
    <Bar>55</Bar>
    <Bar>57</Bar>
    <Bar>59</Bar>
    <Bar>61</Bar>
    <Bar>63</Bar>
    <Bar>65</Bar>
    <Bar>67</Bar>
    <Bar>69</Bar>
    <Bar>71</Bar>
    <Bar>73</Bar>
    <Bar>75</Bar>
    <Bar>77</Bar>
    <Bar>79</Bar>
    <Bar>81</Bar>
    <Bar>83</Bar>
    <Bar>85</Bar>
    <Bar>87</Bar>
    <Bar>89</Bar>
  </DancerSort>
  <StageEffectSeq>
    <effect name="wutai_scene_global_script" bar="-1" length="-1" />
    <effect name="wutai_scene_note_biaozhun_01" bar="9" length="83" />
    <effect name="wutai_scene_note_biaozhun_01" bar="92" length="-1" />
  </StageEffectSeq>
</Level>